{"type":"Topology","transform":{"scale":[0.0009458587030253588,0.0004646055131870291],"translate":[20.262419802867125,43.6192583399312]},"objects":{"romania-counties-geojson":{"type":"GeometryCollection","geometries":[{"type":"Polygon","id":"TR","arcs":[[0,1,2,3,4]],"properties":{"name":"Teleorman"}},{"type":"Polygon","id":"B","arcs":[[5]],"properties":{"name":"Municipiul București"}},{"type":"Polygon","id":"GR","arcs":[[6,7,-4,8,9]],"properties":{"name":"Giurgiu"}},{"type":"Polygon","id":"CL","arcs":[[-7,10,11,12,13]],"properties":{"name":"Călărași"}},{"type":"Polygon","id":"DJ","arcs":[[14,15,16,17,18]],"properties":{"name":"Dolj"}},{"type":"Polygon","id":"IF","arcs":[[-11,-10,19,20,21],[-6]],"properties":{"name":"Ilfov"}},{"type":"Polygon","id":"CT","arcs":[[-13,22,23,24,25]],"properties":{"name":"Constanța"}},{"type":"Polygon","id":"IL","arcs":[[-23,-12,-22,26,27,28]],"properties":{"name":"Ialomița"}},{"type":"Polygon","id":"OT","arcs":[[-1,29,-15,30,31]],"properties":{"name":"Olt"}},{"type":"Polygon","id":"MH","arcs":[[32,33,-17,34]],"properties":{"name":"Mehedinți"}},{"type":"Polygon","id":"GJ","arcs":[[-18,-34,35,36,37]],"properties":{"name":"Gorj"}},{"type":"Polygon","id":"DB","arcs":[[-9,-3,38,39,40,-20]],"properties":{"name":"Dâmbovița"}},{"type":"Polygon","id":"PH","arcs":[[-27,-21,-41,41,42]],"properties":{"name":"Prahova"}},{"type":"Polygon","id":"BR","arcs":[[-24,-29,43,44,45,46]],"properties":{"name":"Brăila"}},{"type":"Polygon","id":"TL","arcs":[[-25,-47,47,48]],"properties":{"name":"Tulcea"}},{"type":"Polygon","id":"VL","arcs":[[-31,-19,-38,49,50,51,52]],"properties":{"name":"Vâlcea"}},{"type":"Polygon","id":"AG","arcs":[[-2,-32,-53,53,54,-39]],"properties":{"name":"Argeș"}},{"type":"Polygon","id":"CS","arcs":[[-33,55,56,57,-36]],"properties":{"name":"Caraș-Severin"}},{"type":"Polygon","id":"BZ","arcs":[[-28,-43,58,59,60,-44]],"properties":{"name":"Buzău"}},{"type":"Polygon","id":"BV","arcs":[[-59,-42,-40,-55,61,62,63,64]],"properties":{"name":"Brașov"}},{"type":"Polygon","id":"GL","arcs":[[-48,-46,65,66,67]],"properties":{"name":"Galați"}},{"type":"Polygon","id":"VN","arcs":[[-66,-45,-61,68,69,70]],"properties":{"name":"Vrancea"}},{"type":"Polygon","id":"TM","arcs":[[71,-57,72,73]],"properties":{"name":"Timiș"}},{"type":"Polygon","id":"SB","arcs":[[-54,-52,74,75,-62]],"properties":{"name":"Sibiu"}},{"type":"Polygon","id":"CV","arcs":[[-69,-60,-65,76,77]],"properties":{"name":"Covasna"}},{"type":"Polygon","id":"HD","arcs":[[-37,-58,-72,78,79,-50]],"properties":{"name":"Hunedoara"}},{"type":"Polygon","id":"AB","arcs":[[80,-75,-51,-80,81,82,83]],"properties":{"name":"Alba"}},{"type":"Polygon","id":"AR","arcs":[[-79,-74,84,85,-82]],"properties":{"name":"Arad"}},{"type":"Polygon","id":"BC","arcs":[[-70,-78,86,87,88]],"properties":{"name":"Bacău"}},{"type":"Polygon","id":"VS","arcs":[[-67,-71,-89,89,90,91]],"properties":{"name":"Vaslui"}},{"type":"Polygon","id":"MS","arcs":[[-63,-76,-81,92,93,94,95]],"properties":{"name":"Mureș"}},{"type":"Polygon","id":"HR","arcs":[[-87,-77,-64,-96,96,97]],"properties":{"name":"Harghita"}},{"type":"Polygon","id":"NT","arcs":[[-90,-88,-98,98,99]],"properties":{"name":"Neamț"}},{"type":"Polygon","id":"CJ","arcs":[[-93,-84,100,101,102,103]],"properties":{"name":"Cluj"}},{"type":"Polygon","id":"SJ","arcs":[[104,105,106,-102]],"properties":{"name":"Sălaj"}},{"type":"Polygon","id":"BN","arcs":[[-94,-104,107,108]],"properties":{"name":"Bistrița-Năsăud"}},{"type":"Polygon","id":"IS","arcs":[[-91,-100,109,110,111]],"properties":{"name":"Iași"}},{"type":"Polygon","id":"BH","arcs":[[-101,-83,-86,112,113,-105]],"properties":{"name":"Bihor"}},{"type":"Polygon","id":"SV","arcs":[[-110,-99,-97,-95,-109,114,115,116]],"properties":{"name":"Suceava"}},{"type":"Polygon","id":"MM","arcs":[[-108,-103,-107,117,118,-115]],"properties":{"name":"Maramureș"}},{"type":"Polygon","id":"SM","arcs":[[-106,-114,119,-118]],"properties":{"name":"Satu Mare"}},{"type":"Polygon","id":"BT","arcs":[[-111,-117,120]],"properties":{"name":"Botoșani"}}]}},"arcs":[[[4642,229],[8,11],[-2,23],[-9,10],[6,16],[18,-3],[1,13],[13,4],[-2,26],[11,4],[-1,17],[16,6],[-2,7],[22,1],[2,24],[-7,15],[36,24],[-13,3],[-20,15],[-28,1],[-9,-16],[-4,14],[8,12],[11,-5],[19,7],[0,9],[-21,30],[-3,24],[-7,-3],[0,19],[-14,-1],[1,21],[-18,14],[-10,37],[3,22],[-9,23],[-8,5],[-9,19],[14,18],[-14,7],[-1,9],[-26,36],[-3,24],[-8,10],[9,3],[-1,20],[-15,-2],[-6,24],[46,40],[4,-4],[34,21],[56,17],[16,2],[-17,48],[45,17],[0,10],[46,11],[-3,13],[45,11],[12,12],[0,27],[-10,36],[-1,19],[-30,36],[-12,20],[2,22],[-13,46],[9,21],[37,55],[-21,15],[11,8],[-3,15],[5,59],[-7,24],[1,35],[13,8],[-6,16],[10,3],[8,15],[-9,9],[-12,25],[2,7],[-17,53],[-5,38]],[[4806,1636],[34,15],[11,-9],[2,-16],[34,3],[0,13],[80,-7],[13,16],[-3,11],[18,13],[9,13],[18,-11],[7,18],[28,-21],[7,21],[17,-14],[27,30],[34,24],[4,-13],[59,48],[6,-13],[23,21],[21,-47]],[[5255,1731],[10,-5],[8,-21],[8,8],[20,-2],[28,20],[-7,13],[12,16],[4,-6],[16,23],[-5,3],[22,40],[11,-16],[13,35],[-9,11],[13,38],[21,32],[6,14],[22,-20],[14,-8],[8,9],[18,-19],[-18,-40],[24,-22]],[[5494,1834],[20,-21],[-9,-15],[11,-9],[-15,-31],[6,-3],[-8,-19],[16,-8],[11,-12],[-2,-20],[15,0],[11,-14],[-31,-51],[11,-16],[-19,-32],[-7,-64],[38,-22],[21,-2],[32,9],[12,-6],[4,-16],[11,17],[5,-10],[10,0],[9,20],[19,-11],[10,-18],[-13,-34],[34,-35],[5,46],[15,-8],[-4,-30],[3,-18],[23,-18],[6,-26],[-4,-17],[-8,-8],[-6,-32],[-12,-20],[-6,-25],[4,-6],[-12,-75],[5,0],[24,-23],[20,-27],[14,-29],[-8,-7],[-2,-31],[4,-20],[-12,9],[-6,33],[-8,-3],[3,-21],[-12,5],[-3,-17],[8,-15],[-5,-16],[-16,28],[-3,30],[-12,-27],[-10,-12],[-3,-18],[-20,-37],[2,-30],[14,-12],[-6,-11],[-20,-8],[1,-15],[-9,-3],[0,-43],[-5,-8],[8,-26],[4,-54],[8,-5],[6,-18],[-14,-11],[20,-47],[-9,-11],[-3,-60],[6,-25],[-5,-30],[-16,-13],[14,-23],[12,-35],[-3,-32],[9,-23],[26,2],[8,-112],[4,-94],[7,-42],[2,-33]],[[5719,154],[-13,-6],[-29,-28],[-25,-18],[-38,-41],[-13,-8],[-31,0],[-30,4],[-27,-10],[-26,-22],[-33,-17],[-24,-8],[-34,5],[-23,15],[-22,30],[-14,13],[-25,16],[-32,51],[-11,9],[-47,14],[-26,17],[-30,-3],[-22,-18],[-19,-9],[-16,1],[-48,22],[-13,20],[-21,22],[-8,17],[-13,12],[-40,4],[-23,-6],[-11,-15],[-23,-18],[-34,-12],[-14,0],[-24,13],[-12,2],[-32,-9],[-2,-8],[-27,-26],[-21,-15],[-15,-3],[-23,12],[-33,33],[-4,13],[-26,30]],[[6168,1978],[5,7],[4,-36],[-4,-35],[14,-46],[72,-18],[-7,-7],[-22,-43],[13,-9],[10,5],[0,-21],[22,-5],[15,-13],[16,-1],[-10,-37],[0,-21],[-7,-6],[1,-23],[-37,-3],[-17,10],[-20,-62],[10,-27],[-7,-11],[-7,8],[-6,-12],[-3,12],[-19,14],[1,8],[-35,9],[-36,16],[-17,23],[-21,39],[-15,-9],[-6,13],[-15,-3],[-10,33],[-2,40],[51,5],[5,7],[-7,26],[-29,19],[-12,-8],[9,19],[6,40],[-3,16],[13,-5],[11,7],[3,29],[16,16],[0,16],[10,-8],[37,24],[5,8],[25,0]],[[6333,1459],[35,-36],[10,-43],[15,-19],[11,4],[16,-26],[26,1],[1,-41],[42,2],[3,-39],[12,-8],[0,-15],[-16,-2],[1,-17],[12,6],[0,-29],[7,-28],[4,7],[6,-21],[1,-21],[-8,-27],[-18,-18],[-18,-8],[-40,-41],[0,-8],[19,-127]],[[6454,905],[-3,-7],[-22,-5],[-37,-16],[-47,-45],[-21,-11],[-39,-28],[-13,-6],[-26,2],[-23,-3],[-40,-27],[-31,-57],[-3,-25],[-28,-59],[-8,-10],[-48,-38],[-25,-32],[-23,-19],[-30,-51],[-12,-42],[-29,-49],[-3,-25],[-33,-50],[-35,-19],[-20,-31],[-8,-31],[-15,-25],[-38,-33],[-13,-7],[-62,-2]],[[5494,1834],[7,10],[7,31],[8,13],[22,51],[17,0],[12,28],[18,-8],[21,19],[14,-9],[11,-19],[13,9],[16,42],[20,20],[6,-18],[8,2],[1,-19],[12,-4],[0,-10],[11,-7],[12,-18],[29,45],[13,2],[4,-18],[22,5],[31,-19],[8,14],[9,-8],[35,22],[22,-35],[7,21],[24,-8],[15,14]],[[5949,1982],[33,-51],[-10,-36],[-15,-38],[19,-5],[-18,-60],[-17,16],[-12,1],[-7,39],[-15,-22],[8,-6],[7,-50],[-8,-11],[7,-10],[-10,-9],[15,-22],[-31,-26],[-12,-14],[-2,-19],[11,1],[13,-9],[8,7],[1,-35],[13,-15],[-8,-13],[14,-11],[17,4],[4,-14],[-5,-9],[9,-4],[12,-23],[20,5],[16,-16],[10,0],[-2,-27],[15,-1],[3,22],[29,-28],[1,-18],[-8,-35],[-17,-39],[3,-3],[22,53],[1,11],[12,4],[12,-17],[13,-1],[1,-20],[10,-6],[19,-30],[28,2],[5,-32],[21,-15],[14,-3],[19,-20],[20,6],[11,28],[9,-12],[25,54],[8,-21],[22,37],[21,43]],[[6333,1459],[25,42],[-25,28],[29,41],[7,-7],[15,19],[5,-8],[18,21],[-10,3],[17,23],[-16,1],[-5,43],[9,3],[2,-19],[15,9],[-13,18],[17,14],[6,-11],[6,22],[28,26],[5,-5],[12,11],[12,-15],[5,10],[21,21],[40,35],[-4,14],[-11,1],[8,9],[-9,9],[-2,-15],[-12,13],[-12,-13],[-33,2],[0,19],[-12,-2],[-7,25],[-17,19],[41,55],[7,-9],[10,29]],[[6505,1940],[9,5],[46,53],[-35,2],[26,43],[24,33],[38,-36],[0,-16],[29,-56],[25,-14],[32,-8],[-12,-25],[10,8],[12,-17],[-12,-14],[18,-31],[-5,-32],[15,5],[9,-12],[-1,-26],[15,-7],[13,5],[11,-16],[17,-5],[19,3],[7,30],[8,17],[23,15],[6,11],[3,-38],[11,15],[27,51],[8,30],[16,15],[6,13],[7,-13],[11,29],[19,-5],[-5,-19],[22,9],[10,-6],[7,20],[21,-9],[-5,-17],[57,20],[5,8],[33,3],[46,0],[-1,-48],[63,0],[2,-49],[47,-4],[6,41],[54,-24],[0,-6],[18,-6],[5,34],[-5,2],[8,25],[14,-4],[4,-9],[-5,-33],[39,-11],[11,56],[20,-6],[-4,-45],[26,-7],[1,5],[40,-8],[8,67],[12,-1],[-1,-22],[22,0],[-2,-21],[32,3],[0,-6],[45,0],[61,7],[6,99],[22,-4],[1,43],[26,-7],[6,-71],[-1,-20],[2,-89],[54,-1],[0,-16],[24,0],[-3,-61],[10,0],[-4,-39],[78,-3],[1,-13],[13,-1],[31,-39],[-27,-27],[15,-30],[-10,-13],[14,-33],[10,-6],[18,23],[11,-36],[4,7],[11,-14],[16,14],[9,20],[7,43],[12,20],[37,-16],[104,-52],[31,-18]],[[8199,1551],[-7,-39],[-15,-36],[-18,-30],[-13,-37],[-19,-34],[-16,-18],[-12,-7],[-45,9],[-15,-11],[-35,3],[-15,-3],[-28,-18],[-18,-16],[-19,-30],[-27,-35],[-9,-6],[-32,2],[-10,7],[-57,10],[-37,-19],[-34,-25],[-50,-48],[-13,-26],[-22,-17],[-18,-26],[-21,-13],[-25,4],[-18,9],[-25,2],[-14,-7],[-22,4],[-15,18],[-27,4],[-17,-10],[-22,-21]],[[7409,1091],[-19,-13],[-27,-9],[-41,6],[-44,39],[-23,7],[-40,-13],[-23,7],[-18,10],[-22,1],[-35,-18],[-28,4],[-31,-4],[-26,1],[-38,-26],[-19,-10],[-26,-20],[-4,-8],[-69,-57],[-34,-10],[-29,5],[-21,-5],[-35,-27],[-26,-5],[-30,-14],[-33,3],[-38,0],[-19,-6],[-21,-13],[-62,-24],[-64,19],[-10,-6]],[[3875,1960],[-19,-35],[-21,-12],[9,-1],[5,-20],[-12,-24],[-27,-33],[-3,-8],[28,-18],[7,-18],[-11,-32],[30,-23],[-3,-5],[42,-17],[9,-10],[15,-5],[-6,-24],[-9,-13],[-1,-17],[41,-24],[3,17],[27,-14],[19,-21],[-11,-32],[8,1],[19,-32],[9,-33],[10,-2],[15,-44],[12,-13],[1,-45],[48,-19],[1,-14],[11,-4],[-8,-27],[16,-13],[18,-5],[22,5],[12,-51],[12,2],[-16,-84],[23,-5],[-9,-47],[-5,1],[-10,-77],[-8,-75],[3,-1],[-11,-100],[-5,-32],[17,-4],[-4,-29],[24,1],[-2,-19],[6,-1],[-9,-42],[14,-7],[-4,-16],[-18,9],[-8,-32],[18,-10],[10,-13],[-5,-20],[-7,-6],[11,-5],[-20,-129],[-8,-20],[-8,-34],[-11,3],[-4,-19],[-10,3],[-12,-35],[-21,-50],[-8,-35],[-7,2],[-9,-91],[-8,-61],[26,-25],[3,-16]],[[4101,156],[-32,17],[-19,3],[-23,19],[-14,20],[-42,21],[-35,24],[-23,10],[-46,1],[-55,17],[-23,13],[-18,17],[-24,16],[-24,9],[-23,19],[-12,27],[-27,7],[-38,-1],[-28,-8],[-36,-19],[-18,1],[-35,14],[-33,26],[-30,43],[-16,13],[-24,4],[-21,8],[-27,19],[-22,5],[-41,-10],[-52,5],[-60,-6],[-31,-20],[-28,-10],[-32,-20],[-55,-39],[-77,-21],[-18,3],[-29,16],[-47,13],[-43,28],[-36,9],[-27,18],[-15,23],[-9,24],[-7,33],[-2,31],[12,46],[10,26],[1,29],[8,29],[4,33],[12,45],[16,16],[29,18],[44,17],[3,-5],[30,9],[12,11],[3,13],[20,35],[13,46],[1,15],[-13,38],[-15,15],[-30,14],[-26,3]],[[2858,1031],[16,51],[14,20],[46,81],[16,-10],[46,-39],[6,3],[6,87],[11,98],[-41,28],[3,29],[27,7],[1,17],[8,33],[3,35],[12,27],[3,17],[43,15],[5,-3],[13,38],[-3,35],[5,13],[14,-3],[11,16],[22,-5],[4,28],[-24,27],[-70,48],[7,24],[11,-7],[3,14],[15,-8],[9,45],[3,39],[33,22],[10,13],[-1,21],[17,2],[24,10],[-1,21],[-20,8],[-4,23],[25,2],[13,7],[38,-3],[12,-8],[7,5],[11,23],[15,-1],[11,-12],[18,19],[16,-17],[19,0],[22,40],[7,41]],[[3375,2047],[15,15],[12,-5],[21,17],[6,34],[17,-1],[15,19],[30,1],[26,15],[12,-19],[-2,-13],[7,-13],[21,-9],[6,8],[20,9],[3,9],[32,-5],[16,5],[-1,-8],[11,-26],[7,22],[-5,29],[8,24],[3,28],[-9,20],[3,21],[-6,12],[12,31],[7,29],[-5,15],[0,40],[7,-5],[10,20],[10,-9],[20,-1]],[[3704,2356],[-4,-30],[12,-15],[2,-20],[-7,-15],[-2,-29],[13,-4],[1,-23],[12,-37],[5,36],[12,-9],[4,-12],[18,-10],[14,5],[23,-26],[22,7],[19,-12],[-6,-8],[1,-28],[-7,-7],[1,-29],[7,-31],[13,7],[12,-38],[-1,-22],[7,-46]],[[5949,1982],[-17,29],[14,11],[-26,32],[14,26],[9,-9],[22,-39],[33,25],[16,19],[41,65],[-7,25],[-48,43],[4,27],[19,-2],[13,7],[6,16],[-8,39],[19,15],[-5,12],[-9,1],[-8,45],[-15,5],[-20,-57],[-6,6],[-2,22],[-7,5],[-9,23],[-4,26],[15,2],[2,19],[12,9],[16,-20],[5,15]],[[6018,2424],[1,-10],[16,-9],[17,19],[13,-20],[10,12],[14,6],[11,-6],[10,4],[9,-10],[12,4],[2,20],[10,2],[14,-21],[13,-2],[-13,50],[13,-2],[5,7],[9,-24],[20,-11],[24,19],[8,-12],[18,-5],[0,13],[9,1],[7,-12],[26,-3],[22,-13],[1,-10],[14,-6],[12,34],[16,28],[7,6],[16,-3]],[[6384,2470],[16,-14],[3,-10],[21,-25],[11,-23],[7,-32],[12,-23],[0,-37],[-24,-7],[-8,-25],[11,-12],[18,-52],[12,-55],[49,19],[-1,7],[34,19],[5,-20],[-10,-12],[8,-9],[-8,-7],[7,-11],[-29,-32],[-20,37],[-42,-58],[10,-14],[-24,-40],[5,-7],[-14,-21],[15,-26],[-6,-7],[8,-18],[27,10],[6,-34],[9,29],[13,-20]],[[8199,1551],[5,43],[9,25],[15,29],[20,30],[6,29],[25,22],[10,14],[6,27],[-13,43],[-1,23],[-8,41],[-33,33],[-9,26],[-6,31],[-10,34],[-16,29],[-6,29],[2,22],[18,46],[1,32],[-19,60],[-15,14],[-28,41],[-11,7],[-23,-2],[-14,12],[-14,24],[-26,17],[-17,29],[-3,40],[6,48],[4,12]],[[8054,2461],[16,19],[55,19],[26,-17],[22,-26],[15,-7],[22,14],[8,-7],[9,26],[19,19],[11,44]],[[8257,2545],[42,-18],[9,11],[7,-4],[14,13],[12,-5],[31,-32],[0,-52],[13,-16],[23,1],[6,21],[43,3],[0,-30],[-9,-17],[0,-20],[15,-6],[-10,-30],[18,-9],[-20,-24],[19,-11],[19,24],[27,-16],[-4,-10],[18,-6],[-12,-20],[20,-3],[0,-9],[37,-3],[5,-8],[28,-2],[-19,-45],[37,-12],[5,19],[29,-9],[3,24],[26,3],[-8,-17],[19,-8],[-8,-17],[10,-5],[-4,-14],[18,18],[38,-1],[2,42],[45,-11],[70,18],[28,0],[27,6],[-4,39],[44,7],[6,-11],[1,-25],[11,-7],[16,10],[-2,-25],[5,-29],[13,-30],[13,7],[9,-12],[-8,-22],[8,-5],[24,46],[31,45],[28,27],[50,44],[27,-7],[23,-28],[9,-1]],[[9230,2281],[-19,-33],[-33,-73],[-73,-211],[-24,-57],[-19,-38],[-59,-103],[-37,-68],[-24,-52],[-11,-16],[-20,-59],[-3,-28],[-3,12],[-21,-2],[-7,-27],[-28,-3],[7,-7],[-11,-39],[-7,-60],[0,-54],[7,-49],[8,-22],[9,-2],[7,-14],[4,-32],[0,-33],[5,-17],[-2,-29],[-2,22],[-7,-11],[5,-27],[-12,-5],[3,-12],[13,6],[10,-6],[-21,-10],[4,-18],[-8,-9],[-2,-56],[-5,-7],[8,-13],[3,12],[12,2],[6,18],[0,-21],[5,-21],[-27,-9],[-5,-13],[0,-20],[6,-48],[7,-17],[14,-65],[-2,-21],[5,-26],[-13,-24],[-1,-20],[-13,-19],[-3,-34],[-6,-17],[3,-22],[-6,-22],[-9,-10],[-9,-23],[-8,-43],[2,-58],[-19,-30],[3,-15],[-5,-15],[-1,-29],[-14,-22],[8,-21],[-3,-48],[-5,-21],[6,-40],[-143,-11],[-101,39],[-119,14],[-91,59],[-72,53],[-19,17],[-55,42],[-19,11],[-19,124],[-24,90],[-10,91],[-29,51],[-78,-90],[-94,-17],[-17,-11],[-30,13],[-38,151],[-32,39],[-33,-76],[-88,12],[-32,6],[-34,3],[-71,-21],[-29,54],[-16,45],[-57,28],[-12,8],[-1,16],[-13,28],[0,25],[6,4],[-9,15],[-5,22]],[[6384,2470],[7,20],[-6,7],[5,20],[30,-8],[-1,15],[7,-1],[-2,-28],[28,11],[16,-17],[19,-11],[12,22],[50,66],[37,-38],[16,7],[20,37],[15,-13],[10,17],[-3,10],[8,7],[3,16],[15,23],[41,37]],[[6711,2669],[0,-18],[8,-22],[3,-25],[11,-33],[12,12],[10,-20],[31,1],[16,9],[10,-12],[11,10],[2,-10],[54,12],[13,-8],[-5,-9],[16,-21],[-4,-8],[20,-18],[4,4],[17,-9],[11,23],[17,18],[10,-9],[3,18],[13,30],[32,-32],[2,5],[66,-41],[2,3],[24,-22],[4,22],[-5,3],[13,35],[12,22],[39,-45],[58,-34],[-15,-78],[38,-19],[4,15],[46,-26],[13,46],[-25,9],[2,7],[-26,12],[9,51],[50,-6]],[[7337,2511],[16,-10],[-3,-15],[16,-11],[13,-23],[28,-31],[49,133],[48,-8],[-7,-20],[41,-34],[7,-1],[13,26],[19,2],[1,-21],[6,2],[64,0],[0,-17],[26,-3],[-1,26],[18,-5],[58,7],[3,-11],[42,-9],[16,-1],[38,-12],[26,-11],[16,2],[82,17],[36,10],[36,-6],[10,-26]],[[4642,229],[-27,32],[-12,9],[-39,18],[-31,6],[-45,15],[-10,-2],[-55,-46],[-2,4],[-31,-11],[-18,-17],[-16,-22],[-9,-22],[-32,-28],[-13,-1],[-23,8],[-23,-4],[-38,-14],[-23,-4],[-14,-8],[-35,-7],[-27,7],[-18,14]],[[3875,1960],[12,9],[23,-6],[21,11],[21,-2],[14,-11],[17,-6],[-4,-23],[16,16],[2,-21],[-6,-15],[12,-3],[9,-26],[14,4],[6,-10],[14,5],[14,24],[-3,21],[17,21],[0,28],[15,11],[12,26],[-3,15],[16,-3],[17,12],[14,-3],[15,-24],[4,5],[22,-2],[21,10],[-1,39],[19,-3],[0,53],[13,-2],[11,6],[6,-42],[-6,-6],[2,-23],[11,-10],[7,8],[17,3],[12,8],[3,24],[-9,33],[3,14],[-7,15],[10,8],[-8,43],[-9,22],[-9,9],[0,26],[7,11],[-12,2],[6,18],[-9,19],[-13,6],[2,25],[-7,4],[-3,35],[6,22],[-5,15],[6,31],[-2,7],[12,23],[1,31],[22,2],[-4,41],[6,27],[-6,31],[4,17],[32,37],[-12,28],[2,15],[23,11],[3,9],[16,2],[8,13],[12,-4],[11,28],[21,-16],[4,-24],[-9,-16],[6,-7],[-3,-30],[18,-22]],[[4415,2639],[4,-9],[-15,-30],[-1,-10],[19,-24],[15,12],[16,3],[6,15],[14,-1],[2,33],[-6,21],[12,9],[3,24],[8,4],[1,20],[6,11],[5,29],[9,-9],[11,1],[2,-20],[0,-51],[8,-12],[0,-18],[7,-35],[14,-23],[3,-32],[15,-10],[-7,-52],[7,-1],[6,-40],[14,-2],[8,-13],[6,-35],[25,7],[43,2],[25,-3],[-9,-21],[7,-13],[-2,-22],[-21,-23],[19,-55],[-1,-36],[3,-17],[8,-11],[2,-25],[10,-21],[8,-39],[-16,-17],[0,-31],[5,-1],[9,-24],[1,-22],[-7,-32],[11,-27],[-2,-38],[-13,-25],[1,-19],[12,-26],[-6,-36],[9,-8],[-7,-24],[1,-27],[10,-38],[-8,-18],[14,-23],[0,-12],[12,-5],[-2,-8],[17,-1],[17,7],[18,-8],[6,-18]],[[1839,2145],[41,-31],[7,-8],[17,27],[2,12],[16,15],[9,-8],[20,-51],[16,-9],[11,16],[12,-29],[14,14],[-1,16],[11,18],[-1,17],[9,21],[-3,21],[4,12],[-7,19],[-17,1],[-15,20],[6,43],[4,6],[-8,22],[13,40],[4,61],[29,2],[9,12],[-1,14],[12,18],[-8,13],[-3,48],[10,11],[6,37],[8,11],[32,-24],[23,-52],[19,-5],[12,3],[12,-10],[21,7],[15,-7],[18,21],[9,1],[5,-12],[25,-12],[7,24],[8,11],[4,26],[12,-3],[6,18],[15,26],[-1,24],[16,22],[-2,17],[13,21],[8,37],[9,10],[2,28],[-7,21],[7,17],[8,35],[-6,27],[6,24],[21,19],[-25,20],[6,19],[33,35],[28,47],[9,34],[11,18],[10,2],[17,23],[1,12],[15,29],[17,23],[10,26],[17,18],[0,6]],[[2531,3202],[15,-11],[13,9],[10,-29],[12,-23],[6,-25],[22,-10],[14,-17],[27,7],[18,-37],[12,-2],[22,-18],[13,-22],[2,-18],[14,-23],[9,-5],[-2,-25],[24,-2],[19,-28],[3,-22],[-6,-30],[-20,-12],[11,-73],[8,-15],[-2,-24],[9,-21],[-4,-43],[7,-35],[1,-37],[27,-36],[15,-24],[-16,-23],[4,-11],[21,-19],[13,32],[12,-8],[25,-31],[-5,-8],[4,-24],[10,-13],[1,-23],[10,-13],[17,-11],[18,0],[6,-18],[7,9],[6,-13],[-3,-24],[12,-8],[3,-14],[14,-14],[15,-2],[6,-18],[29,0],[4,7],[27,-18],[13,1],[13,-10],[11,3],[18,-7],[9,4],[12,-14],[35,-13],[18,-16],[26,-14],[25,-26],[9,-3],[13,-17],[11,-5],[44,-35],[2,-20],[-13,-22],[28,-6],[8,-21],[23,-18]],[[2858,1031],[-34,2],[-13,8],[-25,26],[-27,37],[-38,33],[-34,24],[-28,34],[-26,45],[-13,10],[-48,8],[-20,20],[-6,14],[2,25],[13,44],[0,31],[-8,29],[-14,18],[-26,12],[-23,-1],[-35,13],[-22,13],[-7,9],[-13,33],[-20,30],[-18,74],[-6,15],[-4,33],[-1,36],[3,12],[-31,40],[-7,13],[-9,37],[-1,27],[11,18],[14,-1],[44,-17],[21,12],[15,24],[5,34],[0,37],[3,26],[15,29],[10,7],[29,4],[29,-16],[37,-46],[17,-15],[8,0],[63,44],[4,9],[-6,42],[-14,27],[-40,66],[-25,9],[-8,20],[-8,4],[-29,-10],[-19,-1],[-22,17],[-20,21],[-12,5],[-8,27],[-13,11],[-8,18],[-34,52],[-3,12],[-15,17],[-11,20],[-24,17],[-45,-20],[-16,-36],[-19,-26],[-16,-5],[-29,8],[-14,-8],[-28,-44],[-5,-35],[-25,-24],[-10,-59],[-26,-60],[-13,-24],[-26,-87],[-10,-22],[-14,-60],[-9,-11],[-20,-11],[-13,0],[-25,13],[-40,56],[-13,50],[-12,14],[-22,17],[-11,53],[2,17],[-2,36],[-22,35],[-3,20]],[[2531,3202],[0,18],[-6,26],[-12,1],[-12,16],[-4,-4],[-22,9],[-9,-8],[-17,8],[-15,25],[-5,27],[16,42],[28,53],[14,8],[14,-1],[19,23],[3,19],[-8,9]],[[2515,3473],[23,6],[9,9],[4,17],[21,11],[10,11],[19,-8],[13,5],[4,16],[19,3],[2,8],[19,-2],[5,-9],[34,18],[12,22],[20,-24],[7,-1],[13,-20],[6,0],[30,26],[19,10],[19,-1],[10,-11],[16,0],[29,49],[1,-37],[11,-22],[-1,-18],[18,-11],[7,-19],[9,-3],[-8,-25],[3,-15],[18,-5],[18,19],[8,18],[19,24],[-2,32],[6,13],[0,28],[6,10],[23,-4],[14,-14],[28,-12],[13,-16],[24,29],[20,-13],[11,36],[9,11],[28,19],[19,-4],[19,5],[20,-16],[10,2],[12,14],[1,29],[18,29],[23,-8],[11,15],[17,-41],[33,-31],[12,-3],[4,-14],[13,0],[20,10],[9,25],[29,20],[6,11],[16,2],[11,23],[12,-1],[20,25],[20,5]],[[3516,3730],[18,-25],[10,-2],[6,-12],[9,2],[12,31],[9,0],[20,-16],[21,-29],[8,7],[23,-1],[10,-9],[10,11],[28,14],[14,20],[22,4],[22,-12],[10,-21],[16,-2],[3,-36],[-18,-35],[-15,-41],[-12,-26],[-6,-3],[7,-62],[6,-8],[3,-35],[11,-37],[17,-19],[16,-68],[4,-31],[-11,-3],[-29,-22],[-4,-15],[9,-19],[2,-29],[-9,-46],[0,-24],[-13,-15],[0,-42],[-8,-11],[-3,-22],[-19,-49],[-17,-10],[-7,-20],[8,-19],[1,-44],[6,-10],[3,-23],[-5,-59],[3,-43],[-7,-7],[2,-20],[-10,-47],[8,4],[15,-6],[9,-39],[-1,-17],[14,-19],[-16,-12],[-5,-32],[2,-31],[-11,-40],[5,-30],[7,-12],[-3,-17],[6,-15],[-11,-50],[-2,-30],[-5,12]],[[5255,1731],[40,55],[1,23],[-4,25],[13,7],[-14,55],[-2,15],[-8,10],[17,26],[-15,18],[9,13],[6,-12],[7,11],[-18,39],[-15,21],[-32,78],[-13,0],[-8,11],[-6,28],[12,24],[-9,7],[-5,15],[-29,38],[12,13],[11,-13],[11,13],[30,47],[5,32],[-19,13],[-22,7],[-13,13],[10,33],[6,6],[7,31],[13,24],[4,28],[-9,9],[3,10],[-10,23],[-8,47],[2,25],[-3,25],[12,32],[-12,42],[-1,21],[5,40],[-23,34],[-11,33],[5,18],[-2,21],[4,13],[-1,41],[7,30],[16,6],[8,19],[-2,34],[-10,30],[-17,1],[1,15],[-9,13],[-17,-6],[-8,19],[-13,18],[1,39],[12,13],[3,13],[11,-7],[2,-17],[11,4],[10,32],[0,24],[-10,10],[-11,39],[5,18],[-15,8],[5,21],[-6,19],[11,27],[-1,27],[3,24],[-25,6],[-6,19],[2,21],[9,7],[15,28],[7,-22],[13,-13],[11,-24],[-1,-31],[6,-23],[15,-33],[7,-2],[5,13],[30,12],[11,11],[-2,49],[-4,20],[7,8],[28,2],[13,14],[2,20],[-8,15],[0,30],[-7,32],[7,8],[10,26],[11,16],[-1,26],[12,38],[-7,25],[15,23],[2,24],[-6,7],[-4,26],[7,27]],[[5349,3797],[14,0],[28,17],[16,-6],[12,3],[15,-8],[8,15],[-2,61],[6,14],[17,20],[2,-4],[21,12]],[[5486,3921],[14,-25],[6,-22],[-1,-17],[8,-35],[-1,-17],[-10,-29],[4,-12],[-7,-11],[-2,-23],[5,-27],[-6,0],[0,-17],[11,-21],[17,-9],[10,13],[8,-18],[21,-19],[1,-13],[26,-54],[2,-19],[-16,-20],[-8,-25],[-3,-25],[-8,-29],[9,-36],[5,-33],[14,-6],[15,5],[5,-57],[10,1],[20,-20],[6,-31],[5,-7],[3,-27],[11,-31],[8,-5],[16,-26],[18,-9],[11,-23],[8,-2],[6,-42],[-4,-10],[11,-54],[0,-18],[-11,-22],[1,-41],[16,-7],[-15,-35],[0,-15],[8,-26],[8,4],[-6,17],[12,7],[6,-17],[20,13],[12,-3],[14,-42],[31,13],[4,-20],[8,4],[13,-39],[10,5],[4,-27],[7,0],[-2,-23],[-17,-6],[12,-55],[-17,-21],[-9,-20],[15,-50],[17,1],[19,-20],[14,-5],[19,24],[17,-29],[-2,-12],[9,-25],[17,-11],[-3,-10],[14,-25],[-3,-17],[8,2],[18,-42],[7,-1],[9,-16]],[[5486,3921],[10,29],[14,-1],[25,28],[5,16],[31,-31],[35,8],[25,-4],[3,11],[15,8],[1,14],[18,16],[47,4],[24,13],[7,-2],[10,-28],[-1,-13],[13,-3],[7,-12],[43,2],[14,22],[11,4],[8,-15],[11,-6],[13,-30],[-1,-12],[9,-18],[-1,-23],[28,-7],[12,-12],[7,33],[14,17],[-1,25],[4,22],[8,12],[2,17],[-5,20],[18,34],[9,6],[2,16],[29,-4],[23,-13],[6,8],[23,5],[10,-16],[8,-30],[20,-15],[12,-15]],[[6111,4001],[11,-11],[-3,-25],[4,-26],[-9,-24],[34,-40],[17,-7],[2,-12],[12,-6],[15,-29],[1,-17],[7,-8],[14,-40],[18,-6],[11,3],[26,-24],[11,-23],[6,-31],[12,0],[12,-25],[-7,-26],[-18,-11],[7,-23],[-7,-22],[17,-1],[0,-17],[6,-21],[-8,-46],[5,-17],[-4,-11],[4,-24],[13,-13],[5,-17],[16,6],[15,12],[38,-11],[11,22],[10,9],[20,-10],[8,5],[-11,-31],[-1,-23],[6,-10],[2,-46],[9,0],[15,-12],[20,42],[15,-9],[13,4],[15,24],[6,2],[35,-76],[1,-13],[-8,-8],[-4,-34],[-11,-2],[3,-29],[-6,-3],[9,-14],[-9,-8],[3,-17],[-6,-7],[-1,-35],[14,-5],[18,-24],[0,-55],[10,-30],[0,-34],[16,-32],[16,16],[-1,7],[19,6],[12,-11],[19,-47],[-7,-9],[5,-11],[16,16],[4,-58],[-51,-27],[-15,-25],[6,-15],[15,-12],[4,4],[15,-24],[4,-25],[15,-26],[11,10],[28,-49]],[[7337,2511],[5,23],[-10,18],[-14,9],[4,8],[23,-12],[18,92],[-1,21],[-23,13],[5,18],[26,-11],[26,133],[-24,7],[8,49],[17,-13],[1,12],[15,0],[4,8],[0,49],[-8,3],[3,21],[-36,1],[8,70],[-53,1],[2,44],[6,48],[1,50],[-9,4],[-20,-3],[-11,13],[-20,152],[-15,-12],[3,-5],[-49,-36],[-23,33],[16,40],[16,20],[21,47],[48,67],[12,-20],[6,7],[26,-36],[4,10],[30,-31],[4,22],[43,-44],[11,32],[14,-6],[11,24],[20,-10],[16,28],[-17,12],[12,28],[-16,13],[4,11],[14,-10],[9,29],[12,-5],[8,7],[-3,26],[17,9],[0,57],[-10,32],[14,7],[-1,13],[18,11],[-2,21],[-9,19],[9,0],[36,31],[-7,40]],[[7582,3820],[-5,23],[15,2],[27,20],[22,22],[-5,12],[14,14],[-6,14],[9,18],[20,21],[34,48]],[[7707,4014],[11,17],[11,-1],[16,-14],[12,-3],[14,-29],[-2,-16],[22,8],[-4,9],[8,17],[20,2],[-2,22],[12,-1],[-5,-36],[14,4],[12,14],[9,0],[2,-16],[-14,-19],[35,-7],[5,-9],[-7,-22],[21,7],[-2,-17],[16,12],[-1,-44],[-6,-17],[6,-13],[35,18],[6,-4],[2,-28],[31,-13],[2,-15],[8,8],[23,4],[14,-8],[9,6],[-11,5],[10,9],[7,25],[11,-8],[-1,14],[21,-9],[22,-22],[21,1],[20,-11],[25,-22],[9,22],[9,-11],[12,11],[16,3]],[[8211,3837],[-4,-33],[2,-45],[-19,-95],[-14,-36],[-2,-39],[24,-36],[12,-13],[35,-22],[21,-9],[19,2],[11,16],[8,-4],[4,-30],[10,-20],[-27,-61],[-14,-26],[1,-8],[44,-38],[17,-18],[28,-38],[17,-7],[5,-10],[-23,-20],[-7,-16],[11,-29],[-6,-13],[-10,-2],[-28,8],[-3,-5],[-1,-43],[8,-52],[10,-48],[-11,-5],[-12,-27],[0,-20],[5,-32],[10,-39],[8,-9],[-4,-19],[-17,-41],[-7,-49],[2,-46],[17,-23],[-6,-19],[-30,-26],[-11,-24],[-1,-27],[-16,-35],[-8,-26],[-2,-35]],[[8211,3837],[11,31],[22,25],[22,19],[29,8],[19,-4],[22,-18],[30,-34],[18,0],[-1,45],[5,35],[16,32]],[[8404,3976],[10,-1],[49,-28],[14,-20],[6,-23],[-3,-56],[8,-36],[12,-25],[18,-59],[23,-57],[8,-10],[76,-49],[24,-17],[11,-3],[82,-55],[31,-27],[19,-7],[54,-5],[42,-17],[28,-23],[24,-4],[27,19],[47,14],[4,21],[-8,17],[-23,15],[-10,25],[-2,18],[14,15],[19,-1],[11,5],[13,36],[-3,8],[-19,13],[-4,17],[26,20],[18,-6],[9,-17],[19,-21],[26,0],[37,-55],[11,-12],[24,-10],[11,13],[2,22],[-6,31],[11,31],[11,14],[13,-1],[16,11],[12,17],[19,13],[16,20],[18,0],[16,14],[10,15],[23,2],[17,17],[31,13],[19,13],[12,14],[6,21],[41,26],[15,22],[17,1],[20,-13],[25,4],[28,41],[16,-5],[10,-15],[26,-2],[12,4],[9,-8],[34,15],[17,-20],[23,-11],[19,-15],[15,-2],[27,-14],[26,-9],[24,-20],[26,-26],[28,-52],[42,-69],[3,-25],[8,-24],[2,-35],[9,-54],[-16,-19],[-4,-17],[2,-26],[9,-40],[13,-37],[-19,7],[-10,10],[-23,1],[-4,-10],[3,-30],[9,-49],[11,-16],[24,-2],[32,9],[17,-2],[-15,-9],[-15,-18],[1,-6],[-15,-23],[-16,-44],[-8,-34],[-6,-43],[-6,-76],[-2,-43],[-12,-163],[-1,-31],[-8,-82],[-1,-38],[-5,-13],[0,-25],[-9,-37],[-10,-26],[-29,2],[-16,-24],[-20,0],[-28,-8],[-78,-11],[-45,-10],[-43,-4],[-42,-9],[-67,-17],[-31,-12],[-86,-42],[-27,-18],[-35,-35],[-30,-40],[-29,-44],[-35,-64]],[[3516,3730],[-2,23],[16,32],[-4,31],[-8,16],[-1,23],[4,20],[-18,7],[-1,9],[21,53],[-2,19],[4,14]],[[3525,3977],[23,-3],[9,13],[5,-13]],[[3562,3974],[-2,-15],[23,0],[25,18],[15,23],[0,8],[19,38],[34,4],[25,25],[13,5],[10,26],[8,8],[24,-7],[18,10],[32,0],[7,-19],[9,-2],[14,11],[33,11],[48,-4],[7,6],[23,-4],[9,-7],[21,3],[5,-9],[19,-14],[9,1],[26,-16],[32,-1],[11,23],[14,-4],[11,8],[26,-7],[39,6],[6,17],[14,18],[2,15],[31,-9],[11,13],[-1,12],[27,37],[13,-9],[11,5],[25,29],[17,6],[41,-8],[22,3],[20,-5],[14,20],[14,-21],[16,0],[21,-8]],[[4473,4214],[-6,-7],[8,-36],[1,-25],[-5,-10],[1,-18],[-7,-21],[-16,-11],[-7,-47],[-14,-42],[-16,-10],[20,-44],[-2,-20],[5,-19],[-9,-8],[8,-11],[-5,-9],[0,-21],[13,-19],[4,-43],[-3,-17],[13,5],[19,-17],[-10,-18],[2,-48],[-16,-14],[10,-1],[7,-17],[2,-34],[7,-21],[-9,-16],[8,-17],[-10,-22],[-7,-5],[3,-25],[-17,-54],[9,-32],[21,-21],[9,-18],[-5,-14],[4,-14],[15,2],[6,-20],[-6,-31],[-17,-13],[11,-19],[8,-25],[-8,-62],[-14,15],[-12,-28],[2,-14],[21,5],[1,-30],[-17,-14],[-9,-17],[5,-17],[10,-5],[14,-22],[-9,-26],[-1,-31],[-16,-22],[20,-30],[-12,-17],[-19,-43],[-4,-22],[-6,-7],[-2,-19],[9,7],[17,-4],[-11,-43],[-11,-15],[-7,-21],[1,-19],[12,-11],[-3,-28],[-9,-25],[5,-5],[-8,-26],[-19,-19],[-5,-13]],[[4473,4214],[20,18],[17,-11],[9,10],[20,4],[12,-15],[42,40],[14,1],[6,9],[19,2],[13,-13],[18,-7],[14,19]],[[4677,4271],[14,-1],[31,8],[7,-8],[12,8],[26,8],[23,-17],[19,15],[21,-9],[5,-29],[18,-3],[18,7],[21,2],[30,-3],[17,-22],[20,18],[13,4],[17,-3],[14,-12],[28,1],[13,12],[20,-16],[16,1],[11,-8],[25,7],[13,-25],[13,-4],[4,-17],[17,-14],[8,-29],[22,-17],[14,-27],[9,-3],[9,16],[29,-32],[9,-28],[-5,-43],[2,-19],[7,-7],[14,-31],[-3,-17],[11,-19],[-14,-23],[5,-13],[10,6],[15,-6],[7,-11],[15,11],[6,-15],[1,-24],[5,-15],[-5,-14],[15,-14]],[[1839,2145],[-4,27],[-6,9],[-45,5],[-28,23],[-12,4],[-11,-7],[-13,1],[-24,12],[-31,8],[-9,-7],[-23,4],[-13,22],[-31,-6],[-25,-12],[-26,-2],[-22,21],[-24,3],[-28,-12],[-15,3],[-11,12],[-12,40],[-1,31],[5,36],[-4,24],[-18,54],[-12,17],[-30,20],[-23,7],[-33,-4],[-44,13],[-45,-7],[-24,15],[-6,18],[-3,29],[-8,22],[-23,29],[7,13],[-9,3],[-1,19],[12,47],[19,3],[3,9],[12,-7],[16,6],[5,9],[24,-13],[6,15],[18,-14],[10,6],[14,-5],[22,16],[4,9],[22,5],[30,14],[-1,24],[-10,42],[4,8],[-6,15],[-21,19],[-8,-2],[-53,44],[-26,8],[-8,-3],[-33,38],[9,18],[-9,12],[-25,19],[-23,40],[6,11],[37,10],[7,12],[18,0],[33,10],[-9,30],[12,40],[25,40],[-11,23],[-1,17],[7,24],[19,8],[33,30],[2,19],[-15,52],[-23,3],[-10,38]],[[1291,3381],[9,15],[8,-10],[20,19],[-8,27],[7,25],[10,16],[-5,27],[11,6],[2,34],[21,16],[-7,32],[8,15],[-9,18],[-24,30],[0,32],[-16,21],[-22,13],[-33,49],[9,8],[-22,38],[-4,47],[19,6],[1,8],[33,11],[2,-9],[16,3],[-8,18],[-9,0],[-2,13],[-15,-8],[-11,6],[-6,72],[0,18],[28,22],[51,10],[19,38],[10,-12],[14,26],[-11,17],[16,60],[8,23],[12,19],[30,-6],[22,25],[26,13],[14,-8],[8,-18],[9,2],[-3,-20],[11,-12],[14,6],[9,-16],[9,-2],[16,-50],[23,3],[35,-2],[20,-7],[10,16],[35,-2],[6,11],[-5,14],[0,27],[14,8],[4,-9],[0,-43],[9,-22],[9,7],[19,0],[9,9],[10,-6],[13,-22],[-17,-54],[22,-19],[5,7],[10,-14],[8,10],[12,-4],[12,7],[24,-9],[5,30],[10,12],[12,4],[2,43],[-9,25],[-2,45],[5,4],[-4,18],[18,19],[12,-18],[34,48],[6,-6],[7,12],[21,-2],[7,33],[17,42],[24,-9],[14,-46],[24,-7],[18,5],[19,-36],[14,-3],[25,42],[6,66],[12,32],[15,28],[10,-6],[11,-18],[31,1],[13,17],[12,-2],[10,-17],[8,8],[15,29]],[[2287,4413],[19,-18],[12,-6],[-1,-21],[13,-34],[9,-14],[22,-23],[3,-19],[10,-29],[4,-26],[10,-13],[24,11],[23,0],[17,8],[13,-20],[-1,-25],[16,1],[27,17],[7,-10],[4,-28],[-18,-24],[0,-16],[20,11],[5,-24],[20,-27],[-2,-14],[8,-32],[8,-4],[7,-16],[2,-29],[7,-29],[-12,-17],[9,-25],[6,-43],[8,-12],[-9,-30],[-22,-33],[-17,-14],[-7,-13],[11,-27],[3,-31],[-9,-5],[-23,-31],[-11,-7],[-37,-54],[8,-63],[-2,-27],[-9,-18],[-1,-16],[44,-1],[10,-20]],[[6111,4001],[16,14],[10,18],[-1,18],[16,29],[10,4]],[[6162,4084],[15,-5],[5,10],[27,5],[6,8],[14,37],[4,3],[7,32],[15,30],[-4,16],[3,28],[6,8],[2,24],[22,19],[4,11],[24,2],[11,-9],[11,-41],[28,-28],[27,42],[14,37],[10,14],[2,18],[-6,27],[8,38],[-1,37],[18,36],[5,23],[-3,21],[11,4],[10,20],[13,2],[-2,31],[9,37],[-6,35],[3,26],[6,15]],[[6480,4697],[17,-22],[33,-13],[-7,-8],[11,-20],[1,-45],[-8,-25],[7,-19],[18,-14],[7,-13],[1,-31],[15,-8],[7,-18],[0,-20],[20,-33],[5,-21],[17,-34],[13,0],[5,-21],[18,-8],[11,12],[7,-4],[9,-20],[13,-4],[22,19],[2,9],[15,0],[8,-24],[-3,-22],[14,-20],[10,-33],[7,-7],[19,-1],[14,11],[14,-32],[16,-21],[13,-30],[21,-4],[3,5],[18,-7],[10,10],[17,-13],[12,-47],[11,-9],[19,5],[24,-1],[12,-6],[16,7],[11,27],[21,-2],[27,-19],[13,16],[8,0],[13,-24],[2,-29],[6,-8],[0,-21],[12,-26],[2,-17],[14,-7],[6,-23],[16,-17],[31,-11],[32,32],[4,16],[21,-13],[-19,-55],[15,9],[36,-42],[5,-14],[32,35],[1,6],[24,10],[12,-29],[15,12],[4,-6],[7,26],[9,16],[24,9],[2,-43],[-18,-28],[8,-94],[36,-22],[2,15],[25,-6],[22,0],[29,9],[15,17],[8,-13],[35,37]],[[4677,4271],[0,24],[-10,11],[6,44],[7,20],[-6,40],[3,22],[-10,26],[5,40],[-8,19],[-12,52],[-26,73],[2,14],[-9,26],[-1,21],[34,42],[18,11],[12,15],[22,4],[14,9],[17,-5],[16,4],[17,-2],[4,19],[-5,22],[5,3],[-8,16],[-8,1],[-6,15],[-16,11],[-16,22],[-9,4],[-5,18],[0,20],[-7,18],[1,16],[-7,15],[3,13],[20,14],[28,-22],[10,7],[-2,20],[18,32],[0,24],[21,-3],[6,6],[23,-3],[16,7],[2,18],[-7,12],[7,12],[-1,18],[20,10],[11,-1],[11,44],[11,6],[7,28],[34,19],[8,21],[15,2],[-6,17],[3,12]],[[4949,5294],[9,21],[-6,18],[2,13],[11,21],[21,19],[11,5],[9,24],[10,7],[8,18],[6,-11],[29,-19],[30,32],[27,4],[12,-18],[23,-11],[12,3],[-1,27],[5,16],[13,5],[12,13]],[[5192,5481],[7,-4],[10,14],[12,-17],[24,-25],[6,-11],[25,-16],[6,10],[5,49],[6,8],[21,11],[13,15],[24,-24],[18,5],[21,-32],[3,-17],[7,4],[-7,-22],[4,-12],[20,-3],[38,-14],[17,2],[11,-8],[6,-20]],[[5489,5374],[-2,-29],[4,-7],[-3,-26],[-9,-10],[9,-28],[16,-11],[13,-17],[13,-26],[1,-18],[19,22],[15,10],[11,-6],[17,15],[0,-15],[8,11],[-1,-38],[12,-10],[1,-15],[9,4],[5,-16],[-14,-6],[2,-28],[-16,-3],[-1,-12],[-13,1],[8,-19],[-8,6],[-7,-43],[1,-33],[12,-16],[-16,-9],[5,-7],[-1,-21],[14,4],[-6,-12],[17,-26],[-9,-6],[-7,-16],[5,-7],[-11,-11],[10,-4],[28,8],[22,-11],[-5,-32],[-18,-6],[-21,6],[4,-31],[10,6],[-8,-15],[5,-12],[-10,2],[8,-16],[-3,-11],[6,-13],[17,-18],[14,-2],[8,9],[13,-13],[-4,-19],[7,-13],[21,-1],[6,-10],[-8,-7],[5,-9],[6,11],[3,-16],[16,-19],[-4,-7],[6,-16],[8,-3],[-6,-25],[8,-8],[19,6],[10,32],[13,-9],[9,14],[21,-14],[1,-18],[20,-15],[24,16],[15,-15],[-1,-12],[22,-6],[-3,-22],[13,-6],[22,-30],[8,-33],[46,10],[9,-7],[26,-34],[29,-11],[1,-15],[12,-14],[0,-19],[-11,-13],[-4,-24],[34,-5],[26,-18],[-8,-29],[1,-12],[45,-1],[-1,-13],[26,-27],[10,-16],[5,-25],[-2,-49],[9,-24],[-8,-25],[-2,-38]],[[7707,4014],[-12,20],[-17,10],[8,15],[7,-1],[2,14],[-18,16],[-2,22],[8,36],[-8,20],[-17,11],[-2,17],[10,20],[20,3],[3,10],[-18,15],[-3,31],[-20,9],[18,15],[-6,19],[-19,-1],[10,24],[-13,8],[-22,-5],[1,14],[-16,25],[8,12],[-12,11],[-1,30],[-15,-8],[-10,-15],[-11,22],[-11,8],[-11,34],[-17,27],[-9,32],[-6,7],[-7,27],[4,21],[-7,39],[-7,16],[0,20],[-16,17],[0,30],[-9,9],[3,37],[-15,22],[2,9],[-11,27],[-20,-1],[-23,18],[-14,21],[32,6],[17,-8],[-6,11],[-3,30],[-10,14],[-13,5],[-7,45],[2,36],[-9,1],[-2,27],[-8,41],[-7,6],[-10,28],[5,36],[-3,24],[7,18],[14,11],[9,19],[10,-1],[23,20],[-8,22],[11,14],[-7,17],[14,7],[2,12],[57,4],[17,-2],[31,16],[28,6],[3,16],[-4,12],[0,41],[-7,20],[10,18],[46,-55],[11,22],[-1,19]],[[7630,5411],[29,-3],[21,-46],[9,-31],[-12,-10],[-6,-19],[14,-34],[-18,-24],[9,-15],[16,-54],[38,-42],[12,5],[20,28],[3,30],[-9,13],[5,34],[25,14],[-20,41],[-3,21],[-14,29],[2,13],[-6,22],[12,7],[-18,22],[0,18],[6,17],[20,-5],[7,-20],[13,-8],[5,12],[16,-22],[2,5],[20,-13],[10,6],[9,16],[10,-10],[5,12],[13,-18],[31,-1],[15,7],[9,-16],[-1,-18],[19,-16],[6,-38],[11,17],[19,14],[-9,20],[13,12],[13,-2],[-1,17],[14,3],[9,23],[-8,37],[20,4],[10,14],[-1,-46],[7,-3],[34,24],[7,-11],[9,6],[16,-34],[25,13],[10,-45],[-1,-18],[7,-10],[22,16],[10,0],[5,-17],[8,-7],[18,5],[21,15],[21,9],[34,-2],[1,-23],[12,-1]],[[8310,5350],[-14,-4],[-5,-27],[6,-6],[-3,-22],[-16,4],[-4,-23],[12,-11],[-12,-9],[3,-13],[12,1],[-13,-38],[-3,-35],[8,-11],[-11,-15],[8,-10],[7,-27],[7,-5],[-8,-22],[9,-2],[-5,-11],[3,-16],[11,-25],[3,-24],[-4,-14],[8,-10],[3,-20],[-9,-25],[4,-14],[-8,-8],[6,-26],[-6,-6],[19,-4],[-3,-41],[-23,-10],[8,-20],[-8,-14],[6,-21],[1,-26],[-5,-10],[11,-4],[4,-39],[-9,-1],[22,-38],[19,10],[-3,-42],[-6,-8],[8,-12],[0,-22],[16,-19],[-6,-23],[6,-1],[-3,-17],[6,-18],[-10,-10],[2,-21],[9,-30],[-8,-45],[9,-23],[1,-15],[-15,-10],[-16,-33],[-3,8],[-18,-8],[-10,11],[-26,-37],[5,-26],[29,-41],[-4,-7],[19,-8],[4,12],[6,-24],[10,19],[1,-21],[-7,-6],[11,-5],[-4,-11],[11,-21],[-3,-24],[3,-30],[-4,-19],[2,-25],[9,2],[6,-32],[13,-27],[23,-13]],[[6480,4697],[-6,9],[-13,37],[4,27],[-7,15],[2,32],[13,24],[0,30],[-8,15],[-2,39],[8,23],[11,6],[-2,26],[-6,19],[6,13],[-3,17],[8,21],[20,18],[22,31],[-3,30],[13,32],[-5,13],[-3,38]],[[6529,5212],[19,-14],[25,16],[22,-5],[15,-26],[21,-2],[8,-9],[13,5],[23,0],[-1,10],[15,28],[18,6],[28,28],[6,28],[16,17],[17,-5],[13,6],[0,9],[23,20],[14,-10],[16,14],[7,-16],[24,-2],[10,5],[-2,-12],[9,-8],[22,-7],[21,-14],[27,2],[28,30],[24,-8],[17,-19],[21,-17],[6,2],[4,27],[14,16],[0,21],[-7,13],[15,9],[6,13],[10,-1],[11,13],[17,-15],[14,-19],[18,-3],[33,-13],[14,-15],[12,17],[-6,40],[7,7],[21,-12],[25,-20],[10,23],[7,6],[-12,7],[8,29],[-23,6],[5,9],[-6,18],[7,4],[44,45],[0,19],[7,8],[8,-19],[16,0],[-1,16],[10,19],[6,1],[21,-22],[10,-2],[15,11],[13,-1],[-8,31],[1,19],[7,-9],[19,0],[7,-10],[22,13],[6,-27],[7,-8],[-8,-18],[4,-14],[13,2],[16,-8],[-3,-25],[6,-7],[26,10],[-2,38],[3,24],[13,0],[-1,10],[31,1],[-2,-6],[32,-16],[10,-50],[15,-9],[-1,-12],[14,-3]],[[7634,5445],[1,-17],[-5,-17]],[[2270,4948],[0,-22],[5,-5],[-28,-17],[-13,-24],[11,-8],[4,-15],[29,-45],[21,1],[12,-17],[17,-2],[-5,-17],[9,-9],[8,8],[2,-65],[-9,-9],[11,-22],[1,-14],[23,-3],[22,24],[21,-28],[3,-13],[-8,-33],[-8,-5],[-26,-35],[-13,-4],[-7,-12],[-15,-9],[-8,-16],[-1,-30],[4,-10],[0,-29],[-20,-25],[-14,-5],[-11,-20]],[[1291,3381],[-5,6],[-45,22],[-5,19],[-22,19],[-9,17],[-8,-23],[-27,16],[-10,-9],[-17,22],[-55,23],[-17,-28],[-26,28],[-29,22],[-5,-5],[-17,32],[6,22],[-18,24],[-2,21],[-9,25],[2,28],[-8,9],[-10,-12],[-5,12],[-13,-20],[5,-8],[-10,-16],[-17,0],[-34,-19],[-16,47],[-11,-8],[-10,4],[3,35],[-50,-17],[-8,37],[-11,1],[-17,33],[-23,21],[-10,17],[-3,23],[-18,3],[5,12],[-5,21],[-8,11],[-3,21],[-21,-1],[-23,16],[-15,16],[11,16],[-3,14],[9,2],[-3,18],[-6,-1],[-7,22],[-35,33],[-65,0],[0,17],[6,6],[-9,20],[40,33],[23,40],[5,4],[-14,31],[3,4],[-12,30],[3,5],[-20,42],[-25,-11],[-6,65],[14,21],[10,48],[17,27],[-5,31],[3,22],[-7,11],[5,20],[1,89],[6,23],[9,2],[7,55],[-42,24],[-10,-68],[-44,3],[-21,-10],[-13,-1],[-3,21],[-17,80],[-20,-8],[-5,31],[-8,8],[11,37],[-51,75],[-14,-5],[-5,22],[-14,-5],[-7,31],[4,2],[-9,55],[-24,-9],[3,-13],[-36,-17],[-15,39],[-19,92],[-38,37],[-44,-11],[-57,70],[6,21],[-18,62],[6,25],[-39,53],[-7,30],[-31,25],[-9,23],[20,20],[-17,-3],[-3,21],[34,56],[13,10],[4,-15],[45,42],[14,-36],[9,12],[18,-12],[4,11],[30,-27],[19,-7],[15,2],[15,20],[22,36],[3,18],[-5,7],[10,20],[22,-18],[28,-10],[48,-58],[14,-7],[27,-43],[9,1],[7,12],[5,32],[14,7],[22,-12],[17,32]],[[465,5469],[14,1],[2,-23],[14,-12],[35,4],[13,-12],[1,-24],[5,-11],[16,-6],[6,-30],[31,-37],[29,-3],[5,-12],[23,2],[28,-26],[6,4],[3,-26],[7,-22],[15,-31],[37,1],[5,10],[34,-27],[2,14],[9,-17],[26,24],[21,-2],[1,-29],[4,1],[0,-30],[9,0],[1,-27],[28,-47],[11,10],[15,27],[7,-4],[5,13],[-8,9],[12,32],[15,-12],[-2,-19],[20,-27],[23,-22],[36,-20],[13,-2],[8,15],[6,43],[18,15],[15,5],[11,-5],[13,4],[17,-11],[9,-34],[8,-19],[15,0],[3,38],[15,23],[33,5],[17,14],[16,42],[9,10],[5,18],[13,20],[19,5],[13,20],[19,-1],[15,-50],[4,-38],[-9,-15],[-4,-18],[28,-11],[5,-22],[8,13],[33,-15],[0,-9],[28,-17],[-2,-10],[9,-11],[10,3],[4,-10],[-9,-16],[8,-8],[-4,-24],[17,-1],[18,-35],[-3,-33],[5,-18],[26,21],[-2,34],[25,49],[-1,13],[12,16],[5,-28],[9,-18],[15,6],[24,-11],[-6,-15],[5,-11],[31,-1],[5,7],[0,29],[22,22],[10,-7],[6,-16],[7,-2],[21,32],[16,-24],[9,0],[26,31],[8,41],[13,6],[18,-4],[16,25],[20,-16],[14,13],[5,-24],[-6,-12],[4,-18],[30,-10],[5,4],[8,-14],[22,-3],[16,-12],[3,-12],[19,-15],[14,-2],[12,-12],[-1,-17],[5,-23],[13,20],[12,-10],[7,11],[12,3],[9,-11],[22,-3],[8,-18],[30,50],[-8,22],[12,11],[7,-9],[21,-5],[10,-15],[24,-11],[13,31],[6,50],[27,3],[4,-17],[-2,-38],[15,-5],[6,-14],[28,-28],[19,-14]],[[3562,3974],[17,1],[17,17],[0,21],[-10,15],[-5,40],[2,24],[-15,32],[-1,17],[-27,43],[5,7],[3,27],[12,22],[14,-3],[10,29],[-17,25],[-4,32],[13,8],[-1,18],[-18,36],[-14,16],[-19,14],[-5,11],[8,18],[12,13],[-18,15],[16,55],[10,25],[12,-5],[11,10],[2,14],[20,37],[5,-8],[4,29],[-15,4],[-7,18],[-9,0],[-10,16],[10,14],[3,22],[10,13],[21,8],[7,12],[23,17],[21,-9],[5,-8],[14,31],[-5,25],[6,18],[0,37],[12,25],[-3,15],[-17,14],[9,26],[-9,23],[28,-2],[34,21],[16,0],[11,-9],[12,31],[9,9],[3,21],[29,19],[-7,45],[12,14],[-8,16],[7,12],[-9,3],[-10,19],[22,42],[11,7],[11,19],[21,-10],[5,12],[26,-8],[25,4],[-2,-18],[14,-7],[18,-29],[-1,-12],[7,-22],[8,7],[-4,19],[23,23],[-3,15],[-12,15],[18,5],[11,-4],[5,11],[-6,22],[15,37],[13,13],[-4,24],[12,11],[2,11],[18,5],[6,33],[14,29],[21,19],[24,-7],[23,17],[17,20],[21,7],[7,10],[-1,15],[-8,17],[-14,4],[-7,11],[3,33],[15,23],[-9,23],[17,19],[45,33]],[[4221,5647],[2,16],[18,11],[33,0],[7,-7],[29,-1],[15,4],[26,-22],[14,20],[10,2],[10,15],[20,7],[6,-8],[25,4],[35,-8],[7,-20],[12,12],[14,-9],[13,3],[3,19],[24,-7],[6,12],[11,-15],[12,-1],[7,-13],[27,8],[4,16],[9,4],[0,14],[8,17],[29,7],[-1,-17],[5,-19],[-2,-16],[6,-18],[-13,-20],[8,-21],[7,-3],[10,-25],[-7,-7],[-1,-22],[5,-12],[-2,-30],[-7,-25],[6,-31],[-1,-24],[-6,-12],[4,-27],[-6,-12],[4,-9],[-4,-34],[26,-43],[20,-11],[6,16],[27,13],[6,-12],[15,4],[10,19],[-3,12],[27,-10],[4,-7],[17,4],[5,11],[18,15],[27,8],[29,-5],[7,-10],[-1,-23],[24,-28],[23,-2]],[[5489,5374],[32,17],[4,22],[18,50],[-4,25],[8,19],[-3,10],[10,11],[25,11],[-2,20],[13,12],[20,4],[6,7],[19,51],[11,12],[21,0],[52,42],[18,49],[15,-7],[11,5],[17,-30],[13,-15],[-16,-26],[19,-22],[5,-27],[15,-9],[-4,-10],[10,-11],[22,-45],[7,-22],[-8,-10],[10,-10],[6,-20],[10,-9],[12,-27],[10,-6],[3,-27],[6,-19],[21,-8],[12,10],[12,-9],[28,14],[3,8],[13,1],[14,-7],[42,15],[8,-18],[15,8],[15,-2],[13,21],[2,38],[6,16],[17,-9],[17,1],[22,-7],[-3,7],[10,11],[21,-7],[9,19],[12,2],[24,-20],[14,-7],[5,22],[-1,30],[11,5],[14,-12],[12,6],[7,42],[11,10],[20,1],[15,19],[-3,32],[-7,11],[12,6],[0,19]],[[6343,5657],[33,-9],[12,-9],[19,-4],[7,-31],[9,-19],[3,-30],[-9,-12],[-2,-28],[17,-42],[1,-24],[-10,-54],[9,-25],[9,-2],[12,-20],[15,-16],[10,-4],[18,11],[17,-5],[13,-37],[-7,-7],[-4,-22],[17,-35],[-3,-21]],[[2270,4948],[9,33],[15,27],[-7,17],[-23,6],[-8,-9],[-30,9],[-11,26],[-21,23],[0,30],[7,9],[42,-5],[6,29],[6,2],[11,-14],[16,23],[16,-3],[3,36],[-13,12],[1,20],[8,10],[-7,33],[2,23],[-7,10],[5,21],[-13,17],[-7,1],[4,18],[20,1],[13,22],[3,16],[10,13],[5,32],[27,4],[8,14],[-6,17],[-12,13],[-18,8],[-11,24],[-2,19],[-12,36],[9,19],[11,7],[14,28],[18,7],[3,12],[24,-49],[9,-3],[8,12],[19,-6],[13,7],[1,15],[17,4],[8,-9],[21,-4],[17,7],[16,-8],[24,12],[4,11],[2,36],[-5,29],[17,40],[-3,6],[10,19],[2,26],[-6,26],[20,5],[7,8],[23,12],[5,14],[15,15],[4,15]],[[2626,5884],[30,-6],[14,-24],[14,-4],[10,-24],[42,8],[13,-12],[18,13],[46,3],[13,-19],[-1,-10],[7,-35],[23,-37],[0,-10],[-16,-33],[8,-29],[11,-9],[5,-25],[9,-12],[3,-26],[9,1],[10,-14],[11,5],[23,-11],[20,5],[8,-6],[15,-25],[-1,-18],[8,4],[12,-11],[4,-13],[-5,-12],[10,-66],[-6,-6],[-18,17],[-19,-12],[15,-20],[-4,-13],[6,-33],[7,-7],[8,-25],[-3,-19],[-9,-12],[9,-7],[0,-39],[16,-18],[0,-17],[8,3],[10,-10],[28,6],[15,-13],[0,-12],[17,-4],[-1,-11],[13,-1],[17,23],[20,-6],[-10,-35],[4,-15],[18,-22],[-1,-29],[17,-22],[4,-36],[18,-64],[16,-7],[7,-14],[12,3],[33,-76],[-1,-37],[-5,-6],[-3,-30],[3,-15],[-4,-36],[18,-18],[1,-42],[11,-16],[-5,-11],[8,-24],[23,-11],[4,-35],[-7,-14],[-5,-47],[-8,-24],[10,-29],[21,-15],[19,-20],[13,-28],[-16,-16],[-9,-23],[-1,-14],[-13,-16],[10,-12],[0,-11],[16,0],[20,-15],[-7,-21],[4,-12],[-7,-20],[6,-22],[20,-6],[10,-13],[25,1],[8,-12],[9,7],[12,-5],[0,-24],[11,-33],[21,3],[17,-26],[11,-24],[14,-7],[4,-38],[11,-8],[10,-24],[-5,-11],[6,-13],[-1,-29]],[[3926,6067],[0,-9],[18,4],[6,-5],[16,17],[10,20],[-5,9],[8,11],[15,-6],[0,-28],[-7,-9],[2,-20],[-14,-14],[-3,-35],[5,-10],[-27,-38],[1,-11],[12,-7],[-3,-13],[8,-6],[7,-19],[19,-17],[11,-16],[11,-2],[13,-16],[11,-3],[18,6],[13,-8],[17,6],[7,-8],[2,-19],[11,-22],[-4,-19],[3,-20],[14,-9],[4,-14],[19,-11],[4,7],[18,-26],[-4,-18],[20,4],[9,-7],[15,-27],[15,-12]],[[2626,5884],[-23,23],[-14,-1],[-13,12],[0,16],[-17,18]],[[2559,5952],[-7,21],[0,23],[-7,16],[-3,37],[4,14],[16,11],[7,18],[-14,41],[0,16],[-7,15],[6,21],[-3,22],[2,31],[-3,8],[16,24],[10,-4],[16,27],[5,-13],[7,20],[-5,8],[-18,0],[-9,11],[-1,29],[24,25],[15,24],[15,0],[5,-18],[25,-16],[18,9],[5,-21],[14,-18]],[[2692,6333],[1,-11],[19,-27],[29,0],[10,-14],[34,-2],[19,16],[15,19],[26,0],[9,-12],[19,0],[6,9],[14,2],[25,-24],[8,-22],[3,-38],[6,-33],[18,-11],[-9,-40],[6,-9],[24,-4],[25,6],[-1,17],[6,25],[18,-4],[14,8],[8,16],[18,14],[15,0],[14,7],[4,-34],[30,-8],[8,-6],[15,2],[7,17],[3,-8],[19,6],[5,17],[19,21],[16,1],[8,16],[19,3],[11,20],[20,26],[14,8],[22,-8],[8,-12],[23,-6],[27,-37],[8,-2],[4,-19],[13,-10],[14,-27],[20,8],[16,-19],[12,-8],[18,2],[15,19],[13,9],[17,-4],[4,-13],[16,-12],[6,-24],[-8,-25],[-16,-12],[-8,-26],[2,-25],[-7,-28],[12,-18],[20,5],[25,-23],[15,1],[10,-6],[19,18],[-1,19],[-11,-8],[-11,12],[-3,24],[25,-7],[-9,27],[11,24],[26,17],[24,-11],[16,5],[6,9],[14,-1],[9,8],[10,-7],[15,2],[10,10],[14,4],[15,-8],[5,-30],[28,-12],[25,12],[16,-5],[10,7],[45,1],[16,13],[12,-38]],[[465,5469],[11,12],[10,47],[11,10],[-8,9],[2,24],[37,-6],[-14,99],[28,54],[15,-6],[88,31],[18,-34],[35,-21],[2,32],[23,6],[6,-31],[9,-6],[31,-6],[22,5],[14,10],[13,-40],[31,-11],[5,23],[9,-4],[3,10],[23,18],[12,79],[32,7],[2,-12],[24,-3],[11,13],[-8,31],[5,11],[-1,26],[14,7],[11,19],[-3,50],[9,70],[11,-4],[3,20],[7,6],[53,-15],[8,-8],[14,8],[-7,14],[9,28],[14,29],[7,24],[-23,54],[-23,1],[-15,55],[17,71],[-3,12],[17,8],[4,17],[12,18],[-2,8],[19,41],[-15,6],[-6,10],[14,58],[16,29],[24,-2],[14,17],[14,-11],[2,-9],[31,-15],[7,44],[5,9],[22,11]],[[1247,6526],[20,3],[27,-3],[7,8],[16,-1],[5,-21],[-3,-16],[30,-21],[14,17],[10,-17],[1,21],[11,26],[42,-13],[19,11],[15,32],[48,2],[7,-11],[15,-1],[5,-8],[37,17],[9,-1],[25,-19],[27,4],[19,13],[14,15],[13,0],[12,8],[6,16],[26,-14],[13,-14],[4,-19],[-17,-27],[-13,-30],[31,-2],[3,-12],[33,-8],[9,-9],[14,9],[23,2],[13,7],[7,21],[11,14],[4,25],[5,0],[0,-22],[25,-16],[5,5],[1,-26],[35,-5],[7,-20],[16,2],[4,-25],[18,-3],[27,6],[10,-2],[8,-12],[-1,-22],[-8,-21],[-1,-17],[10,-24],[6,-29],[-3,-23],[5,-15],[17,-26],[15,-33],[7,-28],[9,13],[26,-21],[26,7],[9,-9],[10,-25],[12,9],[8,18],[8,-5],[16,3],[20,-4],[16,-12],[4,-31],[1,-49],[22,-38],[13,-17],[7,-21],[14,-16],[47,5],[12,-21],[15,-11],[6,5],[2,28],[5,16],[17,-2],[30,-21],[30,5],[17,-4],[23,-12],[30,1],[10,-15],[27,2]],[[6343,5657],[3,20],[-13,22],[1,20],[10,8],[11,37],[6,6],[5,45],[10,30],[-22,21],[-31,-6],[-10,-17],[-2,-17],[-11,-25],[-22,-8],[-46,9],[-9,31],[7,25],[8,14],[0,27],[6,27],[13,18],[-9,11],[0,14],[13,21],[-25,6],[-11,-5],[-19,18],[-16,9],[-19,-2],[-9,-10],[-21,-4],[-16,13],[-57,25],[-16,31],[19,14],[5,27],[13,5],[-12,12],[6,21],[-11,11],[15,22],[21,-2],[32,9],[4,35],[-9,24],[-20,21],[-12,25],[1,21],[-5,14],[0,26],[-19,38],[-17,25],[-7,29],[4,34],[14,14],[1,18],[-6,12],[3,14],[-17,39],[-10,10],[-4,17]],[[6041,6606],[7,13],[17,16],[7,-13],[15,3],[29,-3],[17,13],[10,-16],[-1,-29],[8,-16],[-1,-35],[23,-23],[19,21],[26,4],[8,-28],[9,-8],[8,11],[26,14],[13,-3],[12,9],[-2,14],[6,41],[13,6],[12,27],[10,1],[12,12],[-1,-15],[22,-33],[9,-33],[1,-21],[9,-27],[17,11],[18,0],[16,-7],[-1,16],[34,-12],[11,5],[10,23],[19,26],[48,-1],[-2,14],[22,3],[9,18],[17,14],[19,0],[12,-13],[11,-27],[14,-15],[7,6],[3,18],[17,17],[16,35],[16,10],[2,8],[23,10],[12,17],[15,10],[11,19],[-1,42],[-5,16],[18,9],[49,-11],[3,37],[5,1],[13,-26],[6,-23],[9,-17],[14,-51],[11,3],[10,14],[9,0],[11,20],[-8,22],[12,8],[-6,13],[10,7],[-6,11],[12,13],[10,-7],[8,11],[-1,51],[14,2],[9,16],[0,36],[41,-5],[-5,-13],[10,-1],[1,-22],[-8,-8],[1,-16],[-16,2],[2,-10],[19,-5],[-6,-12],[6,-11],[10,0],[2,-17],[4,17],[8,4],[12,-31],[-2,-30],[19,-4],[19,18],[22,6],[5,7],[36,3],[4,6],[8,-29],[9,0],[12,13],[32,6],[15,-42],[13,-3],[18,11],[-4,-25],[11,-10],[13,14],[-1,12],[22,3],[2,21],[10,5]],[[7330,6764],[5,-16],[19,-20],[12,-7],[13,-22],[55,-40],[18,-28],[1,-31],[-7,-14],[-12,-7],[20,-29],[2,-21],[-7,-14],[-18,-17],[-16,-28],[12,-16],[7,-18],[17,-23],[6,-23],[12,-5],[4,-25],[10,-34],[4,-1],[17,-49],[8,-8],[2,-20],[15,-32],[-2,-20],[23,-78],[10,-21],[10,-62],[10,-22],[11,-8],[7,-18],[2,-56],[9,-32],[4,-26],[7,-13],[6,-26],[-19,-25],[1,-20],[6,-9],[-5,-24],[4,-28],[8,-22],[-3,-13],[18,-145],[18,-1],[3,-17],[-4,-27],[-19,-58]],[[7330,6764],[4,10],[14,9],[-5,65],[3,24],[13,0],[-13,52],[2,33],[-4,14],[-25,37],[11,20]],[[7330,7028],[25,-29],[26,8],[8,8],[7,-10],[27,-1],[13,4],[5,-21],[8,-9],[22,17],[-1,22],[34,16],[2,-3],[27,12],[16,-18],[5,-18],[29,10],[6,-17],[26,11],[12,-31],[15,-2],[1,13],[-6,26],[11,1],[22,-8],[16,13],[-11,20],[1,30],[-4,19],[5,10],[10,-12],[20,-50],[7,-29],[14,16],[17,7],[4,8],[25,6],[28,23],[-15,41],[-14,8],[3,28],[-7,10],[-6,28],[10,20],[2,21],[11,21],[11,-20],[18,-2],[35,-58],[16,-19],[16,-47],[9,4],[15,-38],[7,-26],[16,-7],[6,9],[-2,19],[-7,13],[1,48],[7,11],[43,-11],[7,-14],[-5,-6],[1,-44],[4,-7],[-5,-22],[12,-12],[-3,-24],[13,-1],[2,-9],[11,1],[20,-14],[2,-10],[29,-20],[14,-22],[18,-10],[8,-20],[16,4],[-15,33],[6,13],[-19,26],[22,11],[3,-12],[19,5],[22,0],[11,-40],[13,9],[12,-11],[14,-1],[14,12],[28,6],[13,-10],[6,12],[16,-4],[16,5]],[[8302,6947],[-1,-54],[12,1],[-1,-19],[11,-25],[19,-6],[-5,-10],[13,-22],[17,-14],[-17,0],[7,-13],[13,-9],[2,-27],[-9,-6],[12,-39],[8,4],[3,-14],[-8,-12],[15,-4],[0,-12],[10,-20],[-8,-13],[12,-15],[-7,-15],[7,-9],[7,13],[3,-28],[8,-4],[-2,17],[7,-7],[4,-22],[-6,-3],[3,-36],[9,-11],[-5,-38],[7,0],[4,-36],[-7,-5],[6,-10],[-8,-5],[-2,-20],[-10,-16],[7,-11],[-16,1],[10,-36],[3,-27],[-9,5],[-12,-37],[16,-19],[-5,-15],[-13,4],[10,-23],[-7,2],[-7,-17],[14,-21],[6,1],[3,-23],[-8,-10],[12,-9],[5,8],[4,-18],[9,-8],[-8,-6],[12,-4],[0,-9],[-17,-12],[3,-13],[14,1],[5,-18],[-6,-12],[4,-12],[-9,-26],[-19,1],[3,-33],[8,-13],[-7,-11],[-13,4],[-15,-30],[-13,-17],[7,-28],[-14,-4],[6,-11],[-15,6],[13,-22],[3,-17],[-10,6],[-4,-9],[10,-21],[16,-8],[-12,-31],[-21,-14],[10,-12],[-15,-7],[4,12],[-8,1],[1,-27],[-14,6],[-8,12],[2,-29],[-8,4],[4,12],[-11,-8],[-2,-40],[-9,-5],[4,-11],[10,3],[7,-11],[-12,-3],[-19,-26],[-7,12],[2,-28],[-6,-22],[8,-20],[-5,-11],[8,-5],[-1,14],[10,-6],[-9,-27],[3,-9],[14,9],[9,-10],[-4,-32],[-11,2],[16,-28],[-11,-21],[-7,1],[-2,-16],[6,-10],[-5,-9],[0,-57],[-10,-8],[8,-7]],[[3926,6067],[7,7],[-4,11],[2,27],[-7,12],[-9,-4],[-3,28],[6,7],[-5,13],[6,8],[-5,23],[3,16],[-9,18],[11,15],[6,28],[12,10],[12,-1],[18,-14],[14,1],[9,19],[-8,29],[13,4],[2,32],[14,19],[13,55],[-22,6],[-23,12],[-7,24],[8,7],[6,33],[27,14],[4,11],[43,6],[3,27],[18,55],[-8,21],[-23,17],[-13,0],[-11,34],[-9,13],[13,17],[26,10],[8,19],[19,2],[8,11],[1,22],[23,15],[14,0],[3,10],[11,3],[7,14],[-6,18]],[[4144,6851],[15,-6],[24,-26],[18,-10],[6,-18],[20,-6],[5,-9],[5,12],[10,-6],[-3,-24],[25,-13],[6,10],[16,-9],[19,9],[8,-5],[8,12],[2,-12],[15,-10],[14,18],[19,1],[2,19],[19,7],[3,11],[10,0],[10,-20],[9,-3],[18,35],[-1,14],[-8,8],[2,28],[15,25],[-6,18],[3,10],[15,10],[4,11],[14,-1],[-1,29],[14,-5],[11,10],[8,42],[-10,16],[-2,36],[10,1],[0,17],[17,-6],[12,4],[-8,15],[16,-1],[17,7],[-4,22],[18,40],[23,-4],[1,23],[7,-2],[18,-33],[0,-13],[9,-13],[-3,-18],[12,-10],[-3,-6],[25,-5],[14,2],[5,-13],[21,3],[8,8],[-3,11],[6,14],[10,1],[-5,15],[-15,13],[12,22],[9,57],[-2,23],[16,33],[15,6],[5,24],[11,18],[-3,20],[11,41],[29,41],[3,15],[12,11],[21,37],[26,25],[20,6],[23,-8],[7,-7],[12,5],[18,32],[27,-5],[9,5],[11,-17],[26,5],[12,15],[0,9],[12,17],[25,8]],[[5080,7569],[15,-12],[14,-21],[23,1],[8,5],[21,-14],[4,13],[9,3],[6,17],[14,6],[27,-20],[7,-25],[11,-7],[6,-16],[15,-19],[0,-9]],[[5260,7471],[-5,-38],[0,-22],[6,-19],[35,-45],[-3,-37],[7,-38],[-6,-10],[2,-58],[10,-8],[-4,-34],[5,-15],[1,-23],[-10,-18],[-2,-14],[6,-16],[-1,-26],[-5,0],[-2,-32],[-4,-5],[-10,-54],[-2,-21],[17,-14],[11,-2],[5,-15],[-6,-5],[-1,-29],[6,-33],[26,-22],[-8,-5],[4,-10],[-11,-18],[4,-35],[-2,-34],[-16,-73],[12,-36],[-7,-27],[-23,-20],[-8,-12],[-25,-20],[-11,-28],[-30,-37],[-17,-43],[-18,-25],[-2,-20],[-7,-15],[-16,-9],[-32,1],[-18,9],[-14,-12],[-8,-27],[-20,-9],[-28,-25],[-9,-24],[-4,-32],[-31,-41],[8,-1],[7,-21],[9,20],[17,-4],[9,-15],[-16,-22],[-13,-48],[-8,-1],[-7,-16],[-41,-24],[-13,-29],[8,-8],[8,-29],[12,-7],[14,-31],[7,-8],[-5,-13],[-14,1],[-33,-21],[-21,31],[-12,1],[-11,-13],[-28,8],[-10,8],[-10,-3],[-8,-20],[3,-17],[11,-15],[-1,-20],[8,-28],[24,-2],[-18,-46],[-11,-8],[0,-13],[19,-38],[11,11],[11,0],[12,-19],[26,-26],[2,-39],[20,-8],[18,-2],[14,8],[18,-17],[15,11],[26,-18],[16,12],[19,-1],[8,-7],[-3,-16],[30,-3],[10,-52],[17,-45],[11,-13],[20,-13],[16,-21]],[[5260,7471],[11,5],[12,20],[13,-1],[25,25],[3,15],[16,1],[43,-37],[11,2],[31,-26],[10,13],[-3,16],[12,15],[7,34],[18,1],[10,10],[21,4],[21,-5],[15,-27],[18,-4],[15,-21],[3,-20],[-1,-27],[9,-11],[28,5],[38,-16],[13,15],[9,23],[17,-2],[19,-11]],[[5704,7467],[19,2],[31,-22],[7,3],[28,-24],[5,-33],[32,-50],[2,-18],[-7,-9],[13,-22],[11,-32],[1,-27],[12,-34],[14,19],[30,6],[5,-8],[-1,-23],[11,-2],[7,-24],[-12,-3],[-10,9],[-1,-34],[-20,-30],[-25,8],[0,-23],[-24,-37],[-8,-23],[-11,-10],[20,-34],[-6,-38],[-12,-7],[0,-13],[11,-14],[18,-4],[20,-21],[9,4],[21,-14],[-5,-24],[-13,-11],[-12,-2],[-4,-11],[11,-31],[2,-22],[-5,-16],[4,-28],[-17,-26],[4,-17],[-16,-11],[-3,-9],[13,-19],[-4,-15],[8,-2],[33,-46],[-1,-8],[23,-32],[13,-32],[4,3],[31,-5],[9,13],[-6,30],[-18,30],[-2,13],[7,19],[9,-9],[8,13],[23,3],[24,-11],[25,0],[2,-16]],[[5704,7467],[6,12],[1,22],[5,3],[-5,27],[10,10],[0,13],[25,31],[-7,32],[9,25],[15,4],[6,19],[-3,42],[15,10],[-2,14],[8,16],[10,6],[20,-5],[30,5],[10,-5],[16,29],[4,21],[8,14],[-4,17],[-18,19],[-8,32],[-13,16],[-5,25],[-8,20],[-13,20],[7,5],[41,-10],[13,-11],[16,2],[21,-35],[16,-11],[11,-15],[5,-27],[15,-19],[23,-7],[8,22],[2,18],[14,7],[24,4],[9,13],[32,-13],[11,13],[12,1],[12,-22],[13,-11],[24,12],[23,19],[8,0],[21,23],[13,-21],[24,17],[24,-13],[7,29],[16,-9],[13,-16],[12,-4],[15,-19],[11,-3],[8,14],[3,18],[10,10],[4,-6],[22,-4],[23,12],[11,25],[66,43],[13,15],[11,-14],[26,-13],[5,-22],[14,-20],[1,-9],[26,-17],[-2,-14],[31,-41],[7,-21],[7,-1]],[[6618,7835],[7,-14],[12,-1],[8,-18],[17,-22],[-1,-13],[10,-6],[0,-11],[25,-22],[3,-14],[11,-12],[8,-21],[4,-30],[-3,-46],[10,-21],[-5,-5],[8,-15],[2,-29],[-6,-12],[0,-19],[10,-29],[10,6],[39,39],[26,-45],[21,25],[18,6],[9,-4],[15,-28],[42,-54],[11,-31],[3,-23],[14,-9],[4,12],[19,-3],[7,-23],[23,-8],[17,8],[40,28],[11,-6],[15,10],[1,40],[7,1],[1,25],[15,3],[6,-19],[12,-66],[13,-9],[9,16],[15,-2],[0,28],[11,17],[10,48],[23,10],[10,-2],[11,8],[21,-6],[16,-20],[11,-1],[21,12],[7,-8],[0,-28],[15,-17],[0,-32],[-8,-13],[11,-19],[21,-6],[14,-23],[22,-15],[-3,-26],[-22,-17],[-15,-2],[-21,27],[-3,-22],[-13,-25],[-20,-15],[2,-23],[-21,2],[-14,-15],[1,-16],[28,-17],[37,-48],[8,-40],[6,-10],[3,-22]],[[2692,6333],[9,47],[-10,10],[2,43],[-9,25],[5,23],[-22,-11],[-3,33],[-11,7],[-28,31],[-8,-7],[-20,15],[-11,-3],[-18,-31],[-25,-12],[-8,19],[-4,23],[-13,16],[28,0],[10,20],[8,2],[19,-16],[12,-1],[17,21],[11,4],[7,16],[-7,43],[-11,29],[-24,26],[-3,11],[10,32],[-5,17],[-22,10],[-7,-5],[-15,5],[-10,10],[-6,17],[5,28],[7,19],[26,8],[13,0],[9,18],[13,3],[10,41],[13,33],[8,56],[7,5],[16,31],[-1,35],[-28,7],[-17,15],[-17,30],[-17,12],[-13,0],[-18,26],[6,9],[-1,34],[15,14],[15,29],[10,9],[15,28]],[[2606,7292],[22,6],[11,-6],[17,2],[-2,-12],[24,5],[3,6],[15,-4],[19,9],[12,-11],[10,11],[13,-16],[8,7],[4,-25],[6,-12],[26,3],[15,-16],[-8,-21],[-12,2],[-3,-33],[4,-41],[8,-8],[8,5],[20,-17],[2,-37],[16,-3],[3,-13],[12,-10],[13,7],[9,-5],[17,8],[14,-10],[-8,-17],[6,-9],[15,25],[8,-10],[-6,-15],[4,-15],[9,0],[5,19],[18,20],[16,-5],[13,-17],[-10,-32],[1,-15],[-11,-13],[24,-9],[5,-11],[26,12],[18,4],[11,22],[20,9],[25,-10],[17,44],[9,8],[-11,16],[-3,51],[9,12],[5,21],[-12,21],[22,13],[-5,18],[11,-14],[-2,-26],[14,-5],[13,-20],[-6,-16],[2,-22],[9,-14],[22,4],[3,-16],[18,-5],[22,24],[12,-11],[17,19],[9,19],[-7,6],[9,7],[9,22],[12,14],[-3,18],[-9,17],[12,-1],[-1,22],[18,3],[13,10],[-14,8],[3,18],[29,-11],[5,10],[11,-5],[10,22],[9,4],[0,14],[14,13],[-7,15],[5,10],[13,2],[2,16],[-16,19],[3,27],[-18,8],[1,17],[-16,20],[-15,25],[5,8],[13,-9],[6,17],[16,-13],[19,2],[2,18],[-11,8],[4,15],[23,4],[-3,32],[-10,9],[-4,17],[2,25],[7,10],[29,1],[11,10],[17,-5],[-6,12],[15,37],[13,2],[22,-17],[11,-17],[12,15],[13,6],[9,12],[-6,26],[11,23],[-2,11],[9,9],[9,23],[14,4],[17,25],[23,16],[9,18],[11,3],[1,-16],[13,-1],[18,-10],[2,18],[-5,22],[3,24],[8,1],[16,-16],[13,-6],[26,-42],[7,0],[1,18],[-8,36],[-15,27],[12,25],[-4,10],[7,9],[-1,14],[13,4],[4,25],[13,13],[2,19]],[[3784,7998],[-1,13],[-10,11],[23,47],[19,6],[13,-4],[13,-31],[22,5],[11,-6],[16,12],[11,-2],[26,14],[25,2],[25,-11]],[[3977,8054],[-7,-30],[10,-47],[-3,-12],[-33,-29],[-4,-15],[-12,-7],[-34,30],[-21,-27],[-3,-123],[7,-25],[-1,-17],[8,-16],[-3,-20],[5,-34],[35,-47],[25,5],[11,-5],[0,21],[13,2],[19,-49],[-4,-3],[0,-27],[13,-8],[3,-20],[7,-9],[14,12],[10,-7],[19,10],[11,-4],[5,-13],[1,-23],[13,-17],[12,-28],[3,-16],[-5,-25],[-17,-30],[-3,-25],[3,-11],[-6,-15],[-13,-13],[20,-17],[-2,-19],[-11,-19],[3,-39],[9,-16],[2,-15],[-5,-21],[20,12],[1,-8],[26,-23],[-1,-19],[-17,-6],[-1,-9],[10,-12],[15,-1],[19,10],[14,-8],[0,-28],[24,-18],[4,-30],[21,-12],[-8,-8],[-20,1],[4,-15],[-6,-30],[-8,-12],[3,-50],[-21,-14],[4,-8],[-1,-23],[-11,-11],[2,-18]],[[2606,7292],[-8,6],[-3,42],[6,33],[-25,-15],[-9,8],[0,13],[-9,9],[-24,-2],[-11,13],[-27,10],[-15,15],[3,21],[-5,14],[-19,4],[-12,-9],[-19,22],[5,10],[-14,37],[14,13],[-2,11],[-18,28],[-15,9],[3,26],[-5,3],[3,20],[-4,19],[-28,1],[-10,23],[18,19],[-3,29],[11,28],[0,22],[20,4],[-3,23],[19,16],[4,10],[-6,10],[3,17],[-3,59],[-5,8],[8,36],[6,8],[24,-10],[27,27],[5,9],[-4,36]],[[2479,8027],[26,5],[10,23],[1,22],[16,5],[10,11],[13,-4],[22,30],[3,15],[10,12],[18,5],[19,-3],[8,4],[21,-2],[17,14],[18,-10],[6,-19],[7,6],[11,33],[13,10],[31,-12],[20,-17],[5,-10],[10,12],[21,-4],[-9,-45],[22,0],[-1,-22],[24,-39],[19,-12],[13,19],[11,2],[8,-10],[6,14],[12,-2],[28,-17],[7,1],[8,22],[29,31],[2,20],[15,14],[3,31],[-3,18],[-11,16]],[[2998,8194],[18,24],[26,14],[18,-7],[25,35],[0,-9],[14,0],[20,-14],[7,1],[0,-22],[27,-3],[14,-11],[27,1],[14,-16],[13,7],[17,-35],[8,-3],[11,12],[5,-7],[1,-27],[18,2],[37,-11],[18,-9],[18,-21],[20,-4],[40,1],[1,-14],[18,-10],[7,8],[22,4],[21,-6],[4,-11],[26,16],[35,8],[9,10],[17,7],[27,-15],[18,-53],[13,4],[13,-4],[11,-20],[-11,-15],[-1,-11],[19,-3],[11,4],[1,-14],[8,-6],[6,14],[9,2],[6,15],[21,-1],[17,15],[15,-3],[11,-12],[16,-3]],[[3977,8054],[11,27],[27,9],[15,45],[-2,22],[12,2],[17,19],[9,17],[10,47],[7,17],[-12,27],[4,25],[-3,19],[12,21],[20,0],[7,7],[30,12],[20,-3],[31,-13],[16,3],[8,33],[19,1],[11,28],[-1,25],[10,8],[6,20],[9,7],[2,38],[38,-19],[20,13],[13,45],[14,25],[23,-8],[8,-11],[28,-11],[13,7],[26,-20],[38,-11],[25,-11],[12,-20],[21,-8],[17,17],[33,-7],[8,8],[23,0],[7,-6],[5,-24],[38,4],[25,29],[11,6],[6,-6],[24,-4],[36,9],[8,-7],[13,4],[4,9],[-5,20],[8,16],[14,14],[17,6],[2,12],[15,-9],[0,-14],[11,-10],[28,18],[20,-9],[32,-3]],[[4951,8561],[15,-1],[33,-24],[2,-16],[13,-19],[23,-13],[-9,-25],[-10,-12],[12,-9],[7,6],[12,-45],[16,-40],[8,-4],[22,3],[9,-21],[-11,-15],[-5,-16],[-27,-21],[18,-44],[14,8],[11,-13],[-15,-21],[-14,-3],[-19,-19],[-14,2],[-1,11],[-16,0],[-8,-20],[-3,-25],[31,-43],[-1,-14],[16,-19],[14,5],[6,-16],[-8,-40],[2,-11],[15,-15],[-5,-25],[8,-32],[-3,-7],[-19,-8],[-24,-29],[8,-37],[21,-32],[16,-7],[-4,-28],[-14,-22],[-8,-24],[-9,-7],[-6,-30],[3,-18],[17,-1],[-2,-19],[10,-38],[5,-9],[-13,-35],[11,-23],[-1,-12]],[[6618,7835],[15,22],[13,4],[1,25],[12,18],[24,-4],[3,11],[-18,4],[2,27],[-5,8],[-8,-8],[-21,40],[-8,-5],[-10,19],[-12,-6],[-11,48],[5,19],[-5,27],[-10,22],[3,15],[24,15],[12,-2],[10,-43],[29,-9],[4,7],[32,-24],[13,-24],[26,-1],[5,9],[38,0],[-13,15],[0,8],[14,7],[-3,15],[-8,4],[-6,19],[-8,7],[-9,-5],[-3,17],[24,13],[14,20],[-11,32],[1,15],[11,8],[0,64]],[[6784,8288],[22,22],[-4,20],[25,-5],[11,7],[10,16],[-2,16],[-12,16],[11,6],[10,15],[8,-14],[25,-10],[20,-18],[18,11],[14,-14],[24,-14],[13,5],[18,-12],[46,3],[10,11],[33,-13],[5,12],[17,-14],[14,-1],[4,-20],[14,-35],[9,-8],[4,-18],[15,-32],[9,36],[16,2],[-2,23],[19,-7],[0,71],[-5,2],[-2,35],[7,26],[18,52],[18,2],[15,-15],[16,-37],[15,16],[8,-21],[29,-12],[28,3],[22,15],[13,19],[11,0],[-12,25],[1,22],[-6,6],[18,24],[20,-8],[6,-9],[25,23],[16,4],[34,17],[15,-2],[18,14]],[[7536,8546],[15,-16],[23,3],[2,-9],[-12,-16],[1,-16],[15,-6],[-9,-15],[15,-9],[-6,-17],[11,-15],[11,3],[1,-10],[-10,-7],[12,-16],[1,-40],[11,-8],[8,-31],[18,8],[-1,-11],[8,-12],[9,-1],[6,24],[5,-2],[-5,-25],[10,11],[13,-9],[0,22],[7,-2],[5,-27],[13,-12],[0,-9],[16,-1],[2,-11],[-6,-22],[-12,-4],[4,-16],[-9,-15],[12,-22],[4,6],[7,-15],[3,-23],[8,-2],[-4,-18],[-13,-9],[0,-43],[15,2],[-9,-16],[27,0],[-6,-41],[13,0],[-2,-20],[11,-2],[-16,-20],[-18,5],[-1,-9],[13,1],[0,-20],[12,23],[5,-9],[-7,-13],[7,-2],[10,18],[6,-10],[1,-22],[9,4],[-1,-23],[12,-5],[-1,15],[21,0],[9,-15],[1,21],[5,-1],[0,-22],[5,-5],[0,-26],[6,14],[16,-4],[-3,17],[7,6],[11,-13],[10,2],[8,-16],[1,-24],[9,3],[-2,-27],[13,-11],[1,-9],[-15,4],[14,-11],[0,-13],[-12,-5],[6,-14],[9,4],[-3,-21],[20,2],[-3,-22],[14,-2],[-8,-26],[14,-4],[-5,-32],[17,-1],[-7,-41],[16,-18],[-10,-14],[0,-10],[-16,2],[0,-13],[10,4],[5,-15],[-21,5],[3,-7],[18,-7],[16,1],[16,-9],[11,4],[11,-14],[-4,-15],[-9,17],[-14,-15],[5,-13],[28,-12],[-3,-10],[20,3],[0,-10],[11,-11],[-4,-14],[14,-11],[7,-30],[6,8],[11,-20],[7,2],[12,-14],[5,9],[23,-22],[-17,-9],[5,-9],[15,5],[-4,-17],[15,6],[11,-22],[8,8],[4,-20],[29,-12],[5,16],[10,-3],[5,-19],[6,10],[5,-25],[-14,11],[-7,-15],[18,-21],[34,-24],[15,-23],[-11,-17],[-4,-29],[13,-6],[-3,-19],[8,0],[-9,-24],[17,-12],[-10,-4],[17,-15],[-9,-24],[-18,-5],[-4,-9],[13,-23],[9,6],[9,-29],[6,-6],[-20,-21],[12,1],[-3,-9],[20,-30],[-12,-11]],[[1247,6526],[13,20],[2,11],[-14,-1],[-15,32],[-2,20],[7,13],[17,-15],[20,15],[14,-7],[8,-14],[19,26],[3,29],[20,20],[-3,40],[-15,13],[-20,26],[-9,2],[-2,14],[7,23],[19,15],[8,25],[8,43],[-4,32],[1,17],[15,6],[4,16],[20,15],[13,0],[16,13],[13,3],[7,16],[1,35],[11,3],[-7,32],[-9,17],[-1,39],[6,11],[36,1],[3,13],[10,10],[8,27],[16,-6],[9,29],[-14,7],[2,22],[8,19],[1,17],[9,5],[-10,27],[0,14],[-17,3],[-13,29],[-2,15],[37,11],[0,13],[23,25],[-4,11],[16,14],[-3,18],[13,33],[49,23],[22,-6],[-2,37],[11,15],[-1,15],[13,61],[6,14],[21,9],[10,17],[11,5],[2,46],[-2,26],[-11,6],[5,35],[5,7],[16,45],[9,3],[8,15],[-1,16],[-7,7],[12,40],[3,25],[28,62],[4,26],[15,30],[-2,12],[16,5],[9,13],[14,-7],[19,8],[7,-10],[14,-3],[13,37],[12,44],[-6,20],[6,10],[-10,32],[7,19],[-12,7],[-15,62],[7,41],[11,38],[23,43],[16,-23],[11,19],[-18,19],[26,33],[12,-10],[9,9],[8,25],[7,3],[17,31],[-1,19],[12,0],[11,-9],[20,-4],[8,6],[10,30]],[[2033,8586],[8,-11],[11,0],[22,-13],[1,-20],[8,-29],[17,-24],[13,0],[-5,-13],[6,-7],[-8,-33],[24,5],[13,-6],[5,-41],[-8,-7],[1,-20],[22,-13],[20,-4],[23,-27],[-16,-12],[9,-29],[-1,-25],[9,-39],[5,4],[6,-25],[17,9],[17,-6],[15,11],[0,-7],[18,-6],[6,-14],[13,14],[9,0],[20,16],[18,-4],[7,-10],[9,9],[18,-23],[-3,-16],[4,-20],[8,-1],[6,-14],[18,5],[16,-20],[7,-43],[16,-25],[-1,-11],[15,-21],[8,7]],[[4951,8561],[26,36],[10,7],[34,36],[13,0],[8,8],[21,7],[4,14],[-4,24],[-16,13],[-14,3],[-9,21],[-21,19],[-21,33],[-23,15],[0,15],[-9,11],[2,22]],[[4952,8845],[38,1],[13,-9],[13,19],[19,-5],[16,-14],[16,45],[8,-12],[56,32],[1,29],[34,50],[17,-3],[6,12],[-5,27],[12,11],[4,29],[22,26],[-2,18],[7,13],[15,11],[4,29],[-3,11],[7,31],[9,8],[16,1],[6,-8],[15,2],[41,45],[16,-2],[78,17],[101,24],[102,13],[36,22],[37,1],[26,-11],[14,4],[11,-9],[26,9],[5,-9],[39,-5],[46,31],[8,21],[12,8],[25,7],[20,-16],[12,-4],[16,7],[9,28],[27,-3],[12,-11],[19,7],[96,30],[42,-21]],[[6172,9382],[19,-12],[-9,-17],[20,-22],[-6,-30],[3,-20],[19,-6],[4,-11],[11,9],[8,-16],[20,-4],[-2,-20],[9,-5],[-10,-16],[2,-16],[13,-3],[2,-17],[28,24],[5,12],[21,-31],[11,1],[4,-14],[10,-8],[-2,-13],[13,-28],[8,17],[4,-17],[10,-3],[7,-13],[-12,-26],[19,-22],[1,-25],[13,-18],[12,-28],[6,0],[31,-53],[13,-10],[6,6],[13,-17],[0,-10],[-17,-24],[7,-22],[7,-1],[3,-17],[14,2],[-2,-13],[20,6],[3,-15],[9,7],[8,-15],[-3,-19],[8,-14],[8,4],[19,-36],[-7,-17],[10,-16],[-3,-6],[19,-8],[-2,-11],[19,-6],[-2,-10],[22,2],[7,-15],[-12,-2],[8,-19],[-7,-25],[12,-4],[5,-22],[-3,-15],[-13,-3],[9,-23],[-3,-15],[18,-9],[-4,-6],[9,-18],[-1,-23],[15,-28],[0,-16],[28,-6],[0,-26],[-18,-9],[-23,-5],[-16,-14],[12,-26],[10,10],[20,-21],[-2,-30],[5,-13],[-6,-10],[4,-16],[8,-3],[7,11],[17,1],[28,18],[17,-16],[9,-2],[8,17]],[[2998,8194],[-1,16],[-22,19],[-19,-12],[-12,-1],[-6,-12],[-16,-5],[-6,-9],[-13,0],[-16,18],[-28,13],[-4,32],[2,18],[11,15],[-10,34],[7,5],[26,-16],[14,24],[23,-12],[15,7],[-3,8],[0,51],[7,14],[-1,35],[5,13],[0,23],[12,33],[23,24],[28,44],[8,23],[22,24],[9,-28],[22,-46],[8,-12],[23,-18],[21,2],[30,-48],[13,-3],[19,5],[12,14],[-2,22],[-8,9],[5,8],[3,47],[-7,22],[6,22],[0,18],[9,31],[9,0],[15,13],[3,-10],[12,3],[3,16],[15,7],[6,21],[17,3],[2,11],[15,21],[-9,11],[-14,-10],[-3,27],[-28,32],[-13,-9],[-18,8],[-14,13],[2,13],[-7,7],[-14,-11],[-12,8],[-15,-6],[-10,4],[-2,31],[-8,18],[16,26],[-4,7],[18,27],[0,38],[21,8],[13,-23],[27,-3],[32,-16],[14,-2],[19,11],[13,-11],[19,-4],[7,-15],[15,5],[14,-5],[7,-11],[12,7],[17,33],[33,15],[10,16],[18,2],[3,12],[21,4],[3,24],[14,25],[-1,18],[13,8],[10,23],[12,4],[1,-13],[23,17],[16,31],[-8,9],[-8,31],[-15,26],[-21,0],[-14,35],[-1,24],[-7,4],[-9,30],[-13,-6],[-10,4],[-45,43],[-2,17]],[[3422,9361],[5,25],[18,32],[8,52],[14,-22],[9,0],[18,-14],[19,2],[7,10],[9,-4],[17,4],[6,-10],[11,0],[11,-12],[2,-12],[20,-16],[28,7],[21,13],[4,-12],[8,12],[33,6],[9,-8],[14,4],[17,-20],[29,-7],[0,-13],[16,-19],[-1,-22],[10,-17],[1,-15],[22,-23],[17,23],[10,-1],[26,11],[9,-4],[19,5],[7,12],[2,18],[8,7],[8,-6],[10,12],[6,-17],[17,3],[14,14],[15,-17],[9,-22],[16,8],[19,0],[6,-12],[29,-22],[1,-15],[14,-33],[20,1],[8,-7],[12,10],[13,-4],[4,11],[14,-10],[18,0],[18,-20],[7,-20],[9,-2],[35,24],[19,-3],[21,14],[5,10],[23,19],[10,-17],[16,-6],[31,23],[4,30],[9,28],[19,15],[6,-1],[21,24],[16,-16],[21,0],[33,-24],[12,-1],[15,21],[27,-6],[11,21],[21,-7],[20,-43],[9,14],[14,0],[9,-25],[-3,-12],[7,-21],[17,-12],[1,-18],[8,-4],[14,-27],[-9,-42],[8,-29],[15,-15],[17,-9],[3,-26],[15,-2],[14,11],[22,-31],[5,16],[21,0],[6,-30],[11,4],[35,-10],[-6,-31],[15,-26],[2,-32],[14,-9],[4,-20],[24,-28],[5,-35],[4,-5],[-4,-21],[27,2],[41,8]],[[2033,8586],[10,51],[4,8],[4,41],[9,-3],[12,18],[3,40],[-3,5],[9,23],[24,3],[7,19],[-1,29],[5,30],[23,-3],[22,25],[11,4],[4,25],[-4,23],[7,3],[12,-10],[12,-20],[11,-9],[31,-8],[10,6],[16,-3],[1,-9],[20,-2],[-4,28],[6,16],[8,61],[8,28],[20,4],[15,13],[8,-11],[54,-51],[11,-20],[65,-1],[4,11],[13,-2],[11,9],[9,-3],[19,9],[7,10],[16,7],[15,58],[9,12],[3,23],[12,9],[28,-9],[17,17],[12,2],[1,19],[-5,23],[-11,9],[6,25],[-11,15],[7,16],[20,2],[10,-6],[42,40],[17,-2],[10,25],[9,10],[8,29],[12,14],[1,13],[26,14],[21,4],[15,19],[-5,51],[-5,17],[-13,5],[-2,23],[6,13],[18,-5],[19,-19],[0,8],[16,-3],[-1,-7],[20,-12],[19,-24],[11,3],[7,18],[27,6],[10,10],[27,-5],[4,18],[-5,6],[16,30],[5,17],[-12,14],[15,20],[-6,27],[7,5],[10,27],[-10,9],[17,21],[18,9],[3,25],[17,8],[1,11],[11,0],[10,-19],[3,-29],[10,-5],[50,-8],[6,19],[17,-1],[3,-34],[11,-5],[12,-20],[-17,-30],[12,-26],[16,-10],[13,5],[12,-19],[8,6],[-5,-31],[11,-13],[10,6],[8,-14],[49,-32],[1,-15],[14,-12],[16,7],[4,-15],[25,-19],[20,-1],[15,-13],[7,2]],[[6172,9382],[18,8],[9,12],[11,-8],[35,14],[15,9],[16,28],[9,46],[7,51],[43,42],[14,11],[8,19],[7,31],[5,38],[12,33],[20,32],[12,9],[7,15],[-7,36],[5,16],[17,-1],[2,17],[9,-13],[9,10],[4,17],[14,-4],[-7,-15],[9,-5],[17,5],[20,26],[12,-17],[7,8],[-5,16],[13,-2],[13,9],[-3,14],[15,12],[13,-11],[17,6],[13,-13],[14,4],[2,-8],[24,15],[0,19],[23,-13],[-3,21],[3,20],[17,18],[8,-17],[26,1],[-6,23],[17,-3],[-1,22],[10,4],[5,-17],[7,0],[12,24],[5,-13],[-2,-22],[16,1],[13,13],[4,19],[9,1],[3,-21],[21,-18],[5,11],[-4,16],[16,-10],[-10,-18],[37,6],[13,-10],[6,15],[10,-3],[13,13],[7,-15],[13,-9],[2,-30],[11,-6],[8,14],[10,-5],[4,-26],[27,-37],[25,-1],[-7,-14],[-9,-1],[0,-15],[15,-16],[13,8],[-8,30],[17,6],[15,-9],[7,-25],[-19,-35],[16,-17],[21,4],[19,-10],[5,-23],[-16,-5],[-18,17],[-7,-16],[6,-22],[12,-11],[13,0],[20,-16],[8,5],[10,26],[12,3],[-5,-27],[13,11],[4,-6],[-6,-27],[8,-21],[-2,-12],[-13,-24],[17,-17],[4,-27],[17,-13],[19,-25],[3,-30],[24,-6],[3,-7],[-16,-21],[-2,-27],[12,-1],[13,16],[16,-7],[-10,-18],[1,-18],[13,-8],[33,8],[-7,-17],[-6,-34],[-13,-10],[21,-20],[18,-23],[-29,-55],[52,-42],[9,-112],[17,-19],[25,-14],[-1,-10],[-13,-10],[-12,14],[-9,-17],[7,-19],[14,4],[7,-9],[-11,-12],[0,-17],[20,-14],[2,-28],[13,-6],[4,-37],[13,9],[5,-20],[-7,-6],[10,-7],[7,10],[3,-12],[-13,-8],[-4,-24],[14,-9],[-3,-13],[-14,13],[-11,-5],[-1,14],[-8,-4],[-10,-26],[14,-11],[10,-31],[8,4],[-8,-25],[8,-13],[15,-5],[0,-39],[13,-3],[7,-18],[1,-17],[23,-40],[22,-10],[6,-10],[9,-41],[21,-18]]]}